month,origin,X3am.6am,X6am.9am,X9am.12pm,X12pm.3pm,X3pm.6pm,X6pm.9pm,X9pm.12am
0,0,0,0,0,0,0,0,0
01,AL,0,-0.47619047619047616,37.38461538461539,19.25,63.36363636363637,0,0
01,AL,0,1.1428571428571428,43.69230769230769,8.75,60.63636363636363,0,0
02,AL,0,-1.1428571428571428,30.153846153846153,0,39.59090909090909,0,0
02,AL,0,-8.238095238095237,26.846153846153847,0,31.59090909090909,0,0
03,AL,0,17.5,15.055555555555555,0,12.875,0,0
03,AL,0,9.807692307692308,8.555555555555555,0,3.3333333333333335,0,0
04,AL,0,17.12,21.41176470588235,0,31.333333333333332,0,0
04,AL,0,10.68,19.764705882352942,0,32.25,0,0
05,AL,6.863636363636363,4.4,52.705882352941174,0,28.666666666666668,0,0
05,AL,1.3181818181818181,-2.8,41.588235294117645,0,29.083333333333332,0,0
06,AL,7.388888888888889,0.6666666666666666,38.19047619047619,0,60.95454545454545,0,0
06,AL,1.6111111111111112,-7.666666666666667,33.333333333333336,0,57.18181818181818,0,0
07,AL,0.8823529411764706,-1.5,6.12,0,41.89473684210526,0,0
07,AL,-6.235294117647059,1.25,0.48,0,34.21052631578947,0,0
08,AL,2.8947368421052633,-3.4,44.63157894736842,0,99.61904761904762,0,0
08,AL,-0.47368421052631576,-4.8,29.894736842105264,0,90,0,0
09,AL,0,-4.461538461538462,-6.928571428571429,0,51.6,0,0
09,AL,0,-4.423076923076923,-3.857142857142857,0,58,0,0
10,AL,0,-1.7407407407407407,37.43478260869565,-1.6666666666666667,28.875,0,0
10,AL,0,-3.259259259259259,35.73913043478261,-22,29.958333333333332,0,0
11,AL,-2.4,-3.3333333333333335,3.4285714285714284,-3.5,18.523809523809526,0,0
11,AL,-8.8,-20,-4.380952380952381,-17,8.571428571428571,0,0
12,AL,1.2941176470588236,0,22.666666666666668,1,24.11764705882353,0,0
12,AL,-7.529411764705882,0,26.333333333333332,-12.090909090909092,23.941176470588236,0,0
01,NY,7.492753623188406,4.685840707964601,7.386292834890965,20.789830508474576,28.055016181229774,33.775510204081634,25.424418604651162
01,NY,-1.6763285024154588,2.079646017699115,-0.7912772585669782,15.013559322033899,22.893203883495147,28.852040816326532,19.412790697674417
02,NY,4.207070707070707,6.510526315789473,3.2618181818181817,14.50996015936255,16.044444444444444,22.946428571428573,13.506172839506172
02,NY,-5.404040404040404,2.068421052631579,-6.585454545454546,6.135458167330677,8.37037037037037,12.428571428571429,7.580246913580247
03,NY,-1.3346938775510204,-0.3142857142857143,3.0545454545454547,7.5322128851540615,7.371517027863777,13.063583815028903,10.524886877828054
03,NY,-5.90204081632653,-5.433333333333334,-3.7515151515151515,1.3641456582633054,-0.7306501547987616,8.109826589595375,3.723981900452489
04,NY,4.4520547945205475,8.869127516778523,5.027777777777778,17.053050397877985,17.88339222614841,25.453846153846154,20.56896551724138
04,NY,-4.684931506849315,0.05033557046979866,-0.9097222222222222,13.047745358090186,12.056537102473499,22.107692307692307,14.012931034482758
05,NY,4.058139534883721,-0.08333333333333333,-1.0274390243902438,1.649390243902439,14.487870619946092,22.20418848167539,16.574162679425836
05,NY,-2.2325581395348837,-8.049242424242424,-6.408536585365853,-5.969512195121951,10.504043126684635,14.602094240837696,14.866028708133971
06,NY,12.124223602484472,2.1707317073170733,5.721830985915493,18.65277777777778,25.003125,33.86915887850467,35.45145631067961
06,NY,4.701863354037267,-3.362369337979094,-0.04929577464788733,11.07638888888889,15.546875,25.042056074766354,30.24757281553398
07,NY,0.9575757575757575,7.532915360501567,5.901754385964912,22.547528517110266,31.652482269503547,26.19191919191919,29.513513513513512
07,NY,-6.66060606060606,-1.4231974921630095,-1.0456140350877192,17.920152091254753,23.5,18.606060606060606,21.594594594594593
08,NY,-1.309090909090909,5.1069182389937104,9.484745762711864,14.86832740213523,30.6875,42.805,37.042328042328045
08,NY,-7.054545454545455,-2.1257861635220126,4.820338983050847,10.597864768683275,26.409375,35.62,29.037037037037038
09,NY,-0.20359281437125748,-2.579804560260586,-1.7517482517482517,3.4123376623376624,13.45016077170418,13.427947598253276,12.50632911392405
09,NY,-7.413173652694611,-9.667752442996743,-6.527972027972028,-1.1850649350649352,5.022508038585209,2.5807860262008733,2.3544303797468356
10,NY,8.396039603960396,-1.404040404040404,0.7731958762886598,12.651162790697674,18.15576323987539,6.393939393939394,17.20762711864407
10,NY,2.1485148514851486,-8.757575757575758,-3.718213058419244,8.820598006644518,9.115264797507788,-4.177489177489178,7.555084745762712
11,NY,1.3271604938271604,-0.6294117647058823,-0.5149253731343284,7.423076923076923,6.940119760479042,5.476394849785407,7.995145631067961
11,NY,-3.4876543209876543,-6.458823529411765,-8.619402985074627,1.7517482517482517,-3.0239520958083834,-4.579399141630901,-0.7378640776699029
12,NY,4.704225352112676,9.056338028169014,9.211221122112212,24.992592592592594,30.88813559322034,22.870813397129186,29.4206008583691
12,NY,0.38028169014084506,3.556338028169014,0.5115511551155115,19.79259259259259,24.02033898305085,16.79904306220096,26.57510729613734
01,VA,-1.2241379310344827,8.578947368421053,12.88433734939759,22.470674486803517,24.55017301038062,28.904761904761905,19.020942408376964
01,VA,-6.545977011494253,9.421052631578947,13.773493975903614,26.95601173020528,26.81833910034602,24.194805194805195,19.036649214659686
02,VA,-3.9941520467836256,6.76595744680851,6.6710875331564985,13.11737089201878,21.8978102189781,19.089622641509433,11.354497354497354
02,VA,-12.444444444444445,4.945288753799392,2.222811671087533,9.541471048513301,16.885036496350367,11.69811320754717,9.386243386243386
03,VA,0.07913669064748201,5.767857142857143,8.940928270042194,11.658311345646437,18.08269525267994,21.241803278688526,9.2125
03,VA,-3.402877697841727,2.877232142857143,1.478902953586498,7.601583113456464,11.415007656967841,15.26639344262295,4.320833333333334
04,VA,9.609756097560975,3.7282608695652173,9.77155172413793,15.961178045515394,19.575803981623277,30.792035398230087,13.57258064516129
04,VA,3.073170731707317,1.673913043478261,6.178879310344827,16.900937081659972,16.090352220520675,24.305309734513273,9.600806451612904
05,VA,-1.204225352112676,3.3567362428842507,6.2168458781362,9.40604467805519,25.46412213740458,36.11818181818182,21.243055555555557
05,VA,-10.06338028169014,-2.5351043643263758,-0.2921146953405018,8.210249671484888,21.804580152671754,33.06363636363636,21.270833333333332
06,VA,9.208333333333334,8.106430155210642,12.327205882352942,22.08265802269044,36.4951768488746,26.875598086124402,20.91532258064516
06,VA,1.8541666666666667,3.8780487804878048,8.03125,23.233387358184764,37.90836012861736,32.665071770334926,20.02016129032258
07,VA,-1.1592356687898089,3.450602409638554,12.559259259259258,17.35108153078203,38.72019867549669,49.50251256281407,15.593023255813954
07,VA,-9.566878980891719,-0.8096385542168675,7.955555555555556,18.196339434276208,38.620860927152314,48.105527638190956,13.422480620155039
08,VA,0.32857142857142857,5.081896551724138,10.066666666666666,10.920454545454545,34.71658615136876,34.78139534883721,35.289256198347104
08,VA,-6.985714285714286,1.0474137931034482,5.115315315315315,12.378246753246753,35.631239935587764,32.67906976744186,31.75206611570248
09,VA,-3.2,0.470703125,3.0277185501066097,7.4813664596273295,19.957943925233646,19.89243027888446,15.443514644351465
09,VA,-11.761904761904763,-5.62890625,2.1791044776119404,8.371118012422361,16.60747663551402,15.139442231075698,12.301255230125523
10,VA,-2.716666666666667,-0.18604651162790697,10.835514018691589,14.639570552147239,21.174603174603174,19.573076923076922,21.263358778625953
10,VA,-11.9,-4.826638477801269,8.442990654205607,11.098159509202453,15.982539682539683,15.85,17.751908396946565
11,VA,-1.1466666666666667,1.8964705882352941,2.5356415478615073,9.568011958146487,10.229452054794521,18.684410646387832,6.276315789473684
11,VA,-9.626666666666667,-6.134117647058823,-3.513238289205703,2.116591928251121,3.339041095890411,11.741444866920151,0.543859649122807
12,VA,0.762589928057554,9.411894273127754,12.396145610278372,15.372827804107425,21.41962774957699,28.858369098712448,33.971698113207545
12,VA,-5.9640287769784175,3.7048458149779737,8.798715203426124,12.881516587677725,18.700507614213198,27.888412017167383,29.867924528301888
01,NC,-1.8507462686567164,5.025510204081633,12.530841121495326,13.572625698324023,24.608591885441527,27.735905044510385,10.642857142857142
01,NC,-11.253731343283581,0.6760204081632654,10.306542056074766,11.988826815642458,20.548926014319807,22.020771513353115,7.8441558441558445
02,NC,2.586206896551724,6.362637362637362,10.110169491525424,11.479166666666666,21.252054794520546,22.96853146853147,12.94478527607362
02,NC,-11.413793103448276,-3.2664835164835164,2.7796610169491527,3.8333333333333335,12.142465753424657,13.388111888111888,7.644171779141105
03,NC,9.561904761904762,3.139473684210526,8.711985688729875,10.196078431372548,14.285714285714286,15.092783505154639,14.11214953271028
03,NC,1.4476190476190476,-2.6578947368421053,1.0626118067978534,0.9362745098039216,4.679802955665025,7.0893470790378,9.644859813084112
04,NC,9,17.835616438356166,12.509463722397477,22.389972144846798,39.10344827586207,36.44186046511628,18.73134328358209
04,NC,2.009009009009009,12.805479452054794,9.310725552050473,20.955431754874652,35.16976127320955,33.69767441860465,14.412935323383085
05,NC,1.9157894736842105,9.300771208226221,8.053125,16.087759815242496,33.62237762237762,28.958944281524925,31.023255813953487
05,NC,-9.094736842105263,2.9717223650385605,2.68125,13.528868360277137,27.233100233100235,24.099706744868037,29.186046511627907
06,NC,24.492957746478872,8.308823529411764,11.01981981981982,22.26179245283019,32.1036717062635,39.81229773462783,24.73
06,NC,15.830985915492958,0.6004901960784313,4.268468468468469,20.83254716981132,29.516198704103672,37.61812297734628,23.68
07,NC,5.761363636363637,7.816537467700258,7.725043782837128,22.285377358490567,38.926503340757236,36.965986394557824,18.09433962264151
07,NC,-2.7386363636363638,-1.6046511627906976,1.8038528896672505,19.10141509433962,32.910913140311806,31.806122448979593,14.09433962264151
08,NC,4.576923076923077,6.300254452926208,7.981067125645439,16.283752860411898,45.73478260869565,44.354609929078016,15.435185185185185
08,NC,-5.0673076923076925,-2.223918575063613,0.18244406196213425,11.860411899313501,40.541304347826085,37.40070921985816,9.546296296296296
09,NC,0.8920863309352518,4.579617834394904,1.0583941605839415,10.697624190064795,20.86888888888889,15.141414141414142,6.06993006993007
09,NC,-8.992805755395683,2.1847133757961785,-2.6715328467153285,8.019438444924406,18.22,10.26936026936027,-0.5664335664335665
10,NC,-2.1875,4.867052023121388,8.344537815126051,16.39269406392694,19.586912065439673,23.03076923076923,9.977401129943503
10,NC,-12.8515625,-1.4364161849710984,1.7563025210084033,10.997716894977168,13.1799591002045,17.111538461538462,2.84180790960452
11,NC,-1.6554621848739495,1.6893491124260356,5.454376163873371,7.2781954887218046,11.933333333333334,17.34006734006734,3.4625850340136055
11,NC,-8.840336134453782,-6.455621301775148,-3.201117318435754,0.6340852130325815,3.230952380952381,10.696969696969697,-5.517006802721088
12,NC,12.21551724137931,6.833333333333333,7.769961977186312,12.191037735849056,20.727272727272727,29.102941176470587,12.209677419354838
12,NC,4.7844827586206895,1.3549382716049383,3.091254752851711,7.476415094339623,17.965601965601966,24.654411764705884,5.266129032258065
01,TN,-4.238095238095238,9.642487046632125,17.320652173913043,30.881720430107528,27.946564885496183,31.86,0
01,TN,-8,4.300518134715026,17.559782608695652,28.9247311827957,24.778625954198475,32.7,0
02,TN,-2.3636363636363638,2.0466321243523318,15.537037037037036,18.359550561797754,27.025,10.936170212765957,0
02,TN,-13.681818181818182,-9.544041450777202,9.290123456790123,12.539325842696629,20.616666666666667,10.553191489361701,0
03,TN,1.2272727272727273,5.011764705882353,10.495098039215685,12.015384615384615,20.775,10.74757281553398,0
03,TN,-11.318181818181818,-3.380392156862745,4.676470588235294,5.184615384615385,10.441666666666666,-1.5339805825242718,0
04,TN,0.9545454545454546,8.151639344262295,7.825,28.359375,40.6764705882353,28.625,0
04,TN,-9.681818181818182,1.1598360655737705,6.325,30.25,38.68382352941177,23.6875,0
05,TN,-2.5217391304347827,1.6536964980544746,8.89237668161435,7.651685393258427,29.029411764705884,29.185185185185187,0
05,TN,-14.478260869565217,-6.867704280155642,2.004484304932735,2.9101123595505616,25.58823529411765,26.59259259259259,0
06,TN,21.571428571428573,5.131687242798354,13.31578947368421,19.365591397849464,29.890625,54.08510638297872,0
06,TN,13.321428571428571,2.049382716049383,8.923444976076555,22.774193548387096,28.34375,51.670212765957444,0
07,TN,0.72,-0.06910569105691057,9.368663594470046,24.329787234042552,36.333333333333336,29.180851063829788,0
07,TN,-0.76,-2.8983739837398375,10.35483870967742,29.20212765957447,35.398148148148145,27.670212765957448,0
08,TN,0.18181818181818182,-1.3577235772357723,8.807017543859649,10.613636363636363,42.689655172413794,40.58,0
08,TN,-2.3333333333333335,-5,3.5219298245614037,14.329545454545455,43.327586206896555,36.92,0
09,TN,-0.9166666666666666,-1.24,5.186602870813397,9.389830508474576,23.916083916083917,18.356164383561644,0
09,TN,-3,-3.536,1.0478468899521531,12.584745762711865,24.454545454545453,16.10958904109589,0
10,TN,9.658536585365853,1.5537190082644627,8.834080717488789,14.534653465346535,25.096153846153847,34.12987012987013,0
10,TN,6.463414634146342,-5.016528925619835,2.6053811659192827,9.415841584158416,20.358974358974358,27.844155844155843,0
11,TN,-0.71698113207547165,1.0761904761904761,8.283720930232558,6.135593220338983,8.415254237288135,10.842105263157896,0
11,TN,-5.9245283018867925,-6.533333333333333,-0.7581395348837209,-0.288135593220339,-0.2966101694915254,2.831578947368421,0
12,TN,1.679245283018868,0.8378378378378378,13.176136363636363,14.772727272727273,22.610526315789475,35.166666666666664,0
12,TN,0.5283018867924528,-3.1297297297297297,7.3977272727272725,14.130681818181818,23,28.392857142857142,0
01,TX,1.4210526315789473,8.847262247838616,23.105839416058394,19.87037037037037,29.440613026819925,25.463414634146343,0
01,TX,-2.0350877192982457,2.4870317002881843,16.521897810218977,10.693121693121693,22.942528735632184,15.175609756097561,0
02,TX,-2.5,5.9006410256410255,22.470817120622566,28.5459940652819,26.864978902953588,30.13157894736842,0
02,TX,-8.703703703703704,-3.0673076923076925,12.517509727626459,18.448071216617212,18.39662447257384,17.257894736842104,0
03,TX,-1.0263157894736843,11.072625698324023,16.824104234527688,21.103274559193956,22.758333333333333,33.06363636363636,0
03,TX,-10.763157894736842,0.26536312849162014,7.04885993485342,11.040302267002518,12.554166666666667,19.322727272727274,0
04,TX,10.461538461538462,11.66839378238342,22.693140794223826,33.20441988950276,42.37313432835821,34.13106796116505,0
04,TX,3.1346153846153846,2.093264248704663,17.462093862815884,30.07734806629834,37.55223880597015,23.87378640776699,0
05,TX,11.30188679245283,7.2654462242562925,22.348275862068967,42.21981424148607,51.6993006993007,38.54077253218884,0
05,TX,4.622641509433962,-3.130434782608696,13.527586206896551,35.359133126934985,43.98251748251748,32.18025751072961,0
06,TX,7.833333333333333,10.921052631578947,28.0995670995671,34.14836795252226,43.43984962406015,46.12558139534884,0
06,TX,-1.8888888888888888,1.076555023923445,20.844155844155843,32.074183976261125,41.23684210526316,40.95348837209303,0
07,TX,3.206896551724138,7.25629290617849,10.00438596491228,25.160237388724035,40.723684210526315,44.39887640449438,0
07,TX,-4.017241379310345,-0.6361556064073226,6.6535087719298245,27.519287833827892,40.41776315789474,40.76966292134831,0
08,TX,9.415094339622641,4.799559471365638,18.789473684210527,25.55240793201133,35.291536050156736,31.983957219251337,0
08,TX,1.6981132075471699,-5.3039647577092515,12.328947368421053,23.291784702549574,32.88401253918495,30.06417112299465,0
09,TX,0.6470588235294118,2.477434679334917,8.609022556390977,13.194539249146757,15.580246913580247,13.84070796460177,0
09,TX,-2.7254901960784315,-3.9121140142517814,2.699248120300752,10.430034129692833,10.683127572016462,11.216814159292035,0
10,TX,-0.017857142857142856,11.285359801488834,19.867109634551493,23.483483483483482,29.981203007518797,26.878260869565217,0
10,TX,-7.375,0.7766749379652605,9.478405315614618,14.462462462462462,21.507518796992482,20.317391304347826,0
11,TX,3.066666666666667,3.994858611825193,11.380804953560371,11.47452229299363,11.9601593625498,9.415686274509804,0
11,TX,-1.3,-5.426735218508997,1.2910216718266254,1.0414012738853504,2.0239043824701195,-1.2745098039215685,0
12,TX,-1.6470588235294117,7.727735368956743,13.715867158671587,14.315934065934066,19.77338129496403,25.32421875,0
12,TX,-5.911764705882353,2.7455470737913488,7.129151291512915,11.521978021978022,15.946043165467627,17.58984375,0
01,MI,-3.787878787878788,9.970833333333333,9.52020202020202,31.034188034188034,26.206703910614525,24.70334928229665,13.298245614035087
01,MI,-9.151515151515152,-1.5,-3.4393939393939394,21.76923076923077,18.21508379888268,16.88995215311005,1.0175438596491229
02,MI,-1.4074074074074074,7.868421052631579,23.14857142857143,21.94495412844037,29.59190031152648,23.744897959183675,7.5046728971962615
02,MI,-2.5185185185185186,-9.043859649122806,3.914285714285714,9.013761467889909,14.623052959501557,10.806122448979592,-3.2429906542056073
03,MI,-2.3529411764705883,11.872427983539094,6.52755905511811,7.30241935483871,12.89002557544757,15.908653846153847,7.948717948717949
03,MI,-6.882352941176471,3.5185185185185186,0.8188976377952756,1.3629032258064515,8.301790281329923,12.235576923076923,2.082051282051282
04,MI,-0.37254901960784315,6.65,7.595419847328245,7.832618025751073,14.892156862745098,24.770642201834864,9.208053691275168
04,MI,-8.647058823529411,-3.3,0.022900763358778633,0.7124463519313304,10.014705882352942,22.573394495412845,2.738255033557047
05,MI,-1.9245283018867925,6.438247011952191,7.746212121212121,8.763485477178424,14.506361323155216,24.483333333333334,15.116129032258064
05,MI,-10.377358490566039,-1.2828685258964143,0.6666666666666666,0.5850622406639004,8.007633587786259,20.983333333333334,10.264516129032257
06,MI,-1.3877551020408163,7.753086419753086,12.6,17.5875,23.49376558603491,27.65753424657534,19.691275167785236
06,MI,-6.224489795918367,1.308641975308642,7.350943396226415,11.45,19.26932668329177,24.91324200913242,18
07,MI,4.0638297872340425,4.341365461847389,12.204697986577182,23.71861471861472,32.80952380952381,29,39.351724137931036
07,MI,1.0851063829787233,-1.5742971887550201,5.083892617449664,20.246753246753247,28.952380952380953,25.10599078341014,37.3448275862069
08,MI,12.660377358490566,3.7056451612903225,4.208904109589041,10.390041493775934,31.805687203791468,29.10958904109589,17.974025974025974
08,MI,4.773584905660377,-3.8911290322580645,-2.6095890410958904,6.717842323651452,26.791469194312796,23.64840182648402,15.831168831168831
09,MI,0.043478260869565216,-0.1062992125984252,3.1004016064257027,11.89655172413793,8.591511936339522,11.012875536480687,20.41958041958042
09,MI,-12.282608695652174,-6.55511811023622,-3.9156626506024095,7.029556650246305,3.273209549071618,3.4206008583690988,15.23076923076923
10,MI,5.171428571428572,0.9607142857142857,6.947169811320754,7.942477876106195,10.076335877862595,15.082568807339449,4.358974358974359
10,MI,-6.542857142857143,-6.310714285714286,0.6641509433962264,3.566371681415929,3.9618320610687023,12.380733944954128,0.8269230769230769
11,MI,-1.1176470588235294,6.117647058823529,12.28688524590164,8.834905660377359,11.35309973045822,12.238805970149254,9.598540145985401
11,MI,-7.9411764705882355,-0.7100840336134454,3.6311475409836067,3.419811320754717,2.784366576819407,2.8059701492537314,5.817518248175182
12,MI,5.76595744680851,4.411290322580645,12.062256809338521,11.601769911504425,17.65548780487805,13.439688715953308,18.635714285714286
12,MI,-8.23404255319149,-9.14516129032258,-1.8988326848249026,2.265486725663717,5.423780487804878,1.6692607003891051,7.5928571428571425
01,MA,2.66,13.22801302931596,9.217241379310344,26.871473354231973,37.55474452554745,35.473958333333336,18.619718309859156
01,MA,-1.46,13.560260586319218,5.448275862068965,22.313479623824453,34.13868613138686,31.65625,10.408450704225352
02,MA,8.897727272727273,10.983388704318937,15.527508090614887,8.800687285223368,26.756756756756758,35.572916666666664,12.556962025316455
02,MA,3.977272727272727,9.60797342192691,10.805825242718447,3.3092783505154637,18.857142857142858,30.390625,13.822784810126583
03,MA,9.384615384615385,10.58682634730539,7.381924198250728,11.57183908045977,18.996491228070177,29.15811965811966,15.23076923076923
03,MA,7.7,4.236526946107785,-0.15451895043731778,3.5660919540229883,11.112280701754386,21.692307692307693,13.23076923076923
04,MA,0.08125,7.819571865443425,4.78698224852071,15.834302325581396,34.31407942238267,38.79185520361991,26.431818181818183
04,MA,-4.83125,1.492354740061162,-1.4437869822485208,8.747093023255815,26.27436823104693,30.760180995475114,20.681818181818183
05,MA,4.264705882352941,4,0.8,10.61977186311787,28.191666666666666,33.96536796536797,23.08256880733945
05,MA,-0.5588235294117647,-1.6026785714285714,-3.803174603174603,5.64638783269962,22.466666666666665,27.549783549783548,17.807339449541285
06,MA,-0.25196850393700787,11.805479452054794,15.202702702702704,21.37458193979933,28.401685393258425,39.29807692307692,36.21296296296296
06,MA,-5.960629921259843,7.917808219178082,11.243243243243244,17.953177257525084,23.40730337078652,31.4375,32.629629629629626
07,MA,2.2,13.069164265129682,6.746606334841629,20.571014492753623,34.43007915567282,35.894444444444446,34.51485148514851
07,MA,-5.56,4.530259365994237,-0.416289592760181,14.733333333333333,28.839050131926122,25.68888888888889,30.10891089108911
08,MA,7.294573643410852,4.89247311827957,12.717672413793103,23.553072625698324,30.951776649746193,52.972972972972975,40.21818181818182
08,MA,3.604651162790698,-0.3548387096774194,7.980603448275862,21.262569832402235,29.126903553299492,42.65405405405406,37.95454545454545
09,MA,-2.7628865979381443,5.82620320855615,2.691906005221932,7.390804597701149,14.679802955665025,19.509090909090908,7.7625
09,MA,-7.206185567010309,-0.5481283422459893,-7.245430809399478,1.2222222222222223,8.458128078817735,10.14090909090909,3.225
10,MA,0.6415094339622641,-0.3726541554959786,9.516216216216216,11.642276422764228,21.992207792207793,31.271604938271604,25.907894736842106
10,MA,-2.547169811320755,-5.53083109919571,4.024324324324325,5.443089430894309,14.316883116883117,22.049382716049383,18.592105263157894
11,MA,0.17796610169491525,5.6223776223776225,5.452768729641694,5.214788732394366,8.965384615384615,21.069148936170212,17.304347826086957
11,MA,-4.915254237288136,-0.19230769230769232,-2.560260586319218,-0.573943661971831,2.0615384615384613,14.457446808510639,11.330434782608696
12,MA,0.27358490566037735,14.978947368421053,25.51492537313433,26.205574912891986,40.08474576271186,53.04761904761905,35
12,MA,1.8962264150943395,16.810526315789474,24.30223880597015,25.94076655052265,39.771186440677965,50.68027210884354,29.508928571428573
01,SC,5.975,-3.558139534883721,1,31.30952380952381,7.564102564102564,45.81481481481482,0
01,SC,1.65,-14.209302325581396,-5.116279069767442,30.523809523809526,-1.435897435897436,41.74074074074074,0
02,SC,-4.636363636363637,22.79591836734694,-2.9740259740259742,8.028571428571428,3.6153846153846154,15.081632653061224,0
02,SC,-9.272727272727273,13.408163265306122,-11.376623376623376,3.4857142857142858,-6.82051282051282,7.795918367346939,0
03,SC,-5.714285714285714,1.6588235294117648,5.628865979381444,8.571428571428571,10.880733944954128,42.2,0
03,SC,-11.714285714285714,-10.882352941176471,-3.0618556701030926,3.857142857142857,2.403669724770642,36.48,0
04,SC,0.9090909090909091,15.461538461538462,10.144444444444444,11.044943820224718,29,34.24,0
04,SC,-6.318181818181818,3.782051282051282,2.7,10.101123595505618,21.132653061224488,30.6,0
05,SC,-1.7045454545454546,3.5949367088607596,2.8577777777777778,9.327868852459016,30.367346938775512,36.77777777777778,0
05,SC,-9.840909090909092,-8.860759493670885,-3.3866666666666667,4.245901639344262,25.489795918367346,26.319444444444443,0
06,SC,-1.435897435897436,18.71590909090909,6.14218009478673,35.526315789473685,44.416666666666664,50.4,0
06,SC,-9.256410256410257,9.386363636363637,-1.1184834123222749,35.863157894736844,41.95,44.693333333333335,0
07,SC,4.055555555555555,-1.4615384615384615,5.342995169082125,28.08,37.40677966101695,52.11764705882353,0
07,SC,-7.027777777777778,-11.593406593406593,-3.024154589371981,31.09,31.949152542372882,46.955882352941174,0
08,SC,0.225,11.989583333333334,5.633802816901408,21.513513513513512,54.540983606557376,65.42857142857143,0
08,SC,-8.45,4.125,-2.671361502347418,19.954954954954953,49.01639344262295,59.883116883116884,0
09,SC,0.02564102564102564,3.1237113402061856,0.5882352941176471,9.48421052631579,18.51948051948052,19.37837837837838,0
09,SC,-10.846153846153847,-3.463917525773196,-6.272058823529412,6.294736842105263,13.376623376623376,14.81081081081081,1
10,SC,-1.9333333333333333,2.105691056910569,8.884892086330936,14.01063829787234,16.11764705882353,15.11111111111111,-7
10,SC,-15.044444444444444,-6.951219512195122,-0.6474820143884892,10.914893617021276,9.858823529411765,5.388888888888889,-5.666666666666667
11,SC,12.58974358974359,3.5615384615384613,5.117647058823529,5.2835820895522385,2.0625,23.458333333333332,0
11,SC,0.28205128205128205,-2.5076923076923077,-6.117647058823529,-2.283582089552239,-5.225,16.666666666666668,0
12,SC,12.15625,7.7482993197278915,11.021739130434783,33,25.275862068965516,48.64705882352941,0
12,SC,5.09375,1.4557823129251701,0.08695652173913043,27.8,21.597701149425287,49.64705882352941,0
01,IL,-0.5,9.761692650334076,23.51732673267327,29.165584415584416,42.72423398328691,38.05250596658711,16.973333333333333
01,IL,1.8295454545454546,12.21826280623608,27.707920792079207,30.991883116883116,46.31476323119777,40.782816229116946,9.333333333333334
02,IL,1.735632183908046,5.920258620689655,19.1925,20.509243697478993,31.355113636363637,31.910377358490567,21.406593406593405
02,IL,-3.781609195402299,1.8426724137931034,13.6125,13.830252100840337,27.107954545454547,28.266509433962263,12.054945054945055
03,IL,1.2619047619047619,5.503623188405797,8.344017094017094,11.976401179941004,20.54016620498615,15.944055944055943,13.20353982300885
03,IL,-5.738095238095238,2.0706521739130435,5.006410256410256,6.852507374631268,15.722991689750693,11.003496503496503,4.132743362831858
04,IL,-1.6623376623376624,6.295373665480427,15.645739910313901,17.552459016393442,36.92348284960422,24.481802426343155,23.36521739130435
04,IL,-9.116883116883116,0.20106761565836298,11.923766816143498,14.90655737704918,35.72031662269129,21.797227036395146,16.208695652173912
05,IL,6.679012345679013,4.001545595054096,12.4688995215311,22.299565846599133,41.910714285714285,27.0064,22.218543046357617
05,IL,-1.0987654320987654,-2.908809891808346,4.5933014354066986,16.0260492040521,38.63775510204081,24.3872,18.05298013245033
06,IL,3.9156626506024095,6.1079881656804735,21.014705882352942,21.557926829268293,43.38522427440633,34.88006482982172,35.17482517482517
06,IL,0.4819277108433735,2.921597633136095,18.32843137254902,20.788109756097562,45.25593667546174,37.58833063209076,30.95104895104895
07,IL,2.8860759493670884,9.22108345534407,14.3125,27.982229402261712,47.12649164677804,38.577319587628864,42.18248175182482
07,IL,-4.113924050632911,5.8111273792093705,13.98076923076923,31.77059773828756,48.556085918854414,39.51030927835052,39.02189781021898
08,IL,-0.0898876404494382,5.113636363636363,13.571753986332574,17.99203821656051,37.530066815144764,29.752688172043012,35.99300699300699
08,IL,-9.775280898876405,-1.3607954545454546,6.708428246013668,18.630573248407643,37.48106904231626,26.89068100358423,27.18881118881119
09,IL,-1.103448275862069,4.503154574132492,15.312775330396477,11.356495468277945,19.829457364341085,13.685546875,9.905172413793103
09,IL,-8.333333333333334,-1.0662460567823344,10.896475770925111,9.321752265861027,15.237726098191214,10.732421875,3.4482758620689653
10,IL,1.5,2.4983870967741937,6.505091649694501,13.696185286103542,23.809045226130653,14.357627118644068,1.7325581395348837
10,IL,-4.821428571428571,-0.7612903225806451,2.374745417515275,10.678474114441418,18.44221105527638,11.277966101694915,-4.558139534883721
11,IL,2.9655172413793105,4.18213058419244,6.661375661375661,11.278761061946902,13.114206128133704,9.587174348697395,11.70754716981132
11,IL,-2.8045977011494254,-4.257731958762887,1.343915343915344,4.76401179941003,6.52924791086351,5.462925851703407,6.113207547169812
12,IL,10.741176470588234,5.199261992619927,13.425316455696203,13.573743922204214,23.358156028368793,26.95318352059925,17.655172413793103
12,IL,6.294117647058823,-1.1678966789667897,7.460759493670886,8.716369529983792,20.52482269503546,23.46067415730337,12.801724137931034
01,GA,-2.341463414634146,8.342629482071713,8.185840707964601,12.716867469879517,14.891525423728813,20.013840830449826,20.931428571428572
01,GA,-2.5609756097560976,6.438247011952191,3.96165191740413,7.626506024096385,10.166101694915254,13.197231833910035,14.17142857142857
02,GA,0.775,1.7767857142857142,7.246621621621622,14.93687707641196,27.420289855072465,26.7921568627451,24.487654320987655
02,GA,-6.1,-6.665178571428571,-0.7094594594594594,7.803986710963455,18.079710144927535,17.92156862745098,17.41358024691358
03,GA,1.68,1.8206896551724139,6.004750593824228,8.447368421052632,10.662125340599456,17.079734219269103,10.72
03,GA,-5.64,-6.503448275862069,-1.9833729216152018,-2.3342105263157893,1.8038147138964578,8.887043189368772,2.125714285714286
04,GA,13.886363636363637,5.08273381294964,7.4278606965174125,14.473837209302326,23.066860465116278,33.22408026755853,14.04639175257732
04,GA,6,-1.9640287769784173,-0.10696517412935322,9.151162790697674,16.22093023255814,26.85284280936455,3.8762886597938144
05,GA,3.8979591836734695,3.039274924471299,0.35964912280701755,7.716049382716049,22.430232558139537,27.899280575539567,11.316582914572864
05,GA,-11.938775510204081,-4.637462235649547,-6.847953216374269,1.0320987654320988,16.924418604651162,23.158273381294965,3.7939698492462313
06,GA,-0.6744186046511628,5.906148867313916,6.173410404624278,17.048192771084338,29.49854227405248,42.60687022900763,21.22613065326633
06,GA,-9.674418604651162,-1.4142394822006472,-1.5375722543352601,10.03132530120482,24.271137026239067,40.83206106870229,14.547738693467336
07,GA,2.6041666666666665,9.207100591715976,5.409836065573771,17.453488372093023,40.72754491017964,50.33467741935484,18.28358208955224
07,GA,-5.708333333333333,2.0236686390532546,-1.3224043715846994,13.658139534883722,35.62874251497006,43.51209677419355,12.139303482587065
08,GA,1.3703703703703705,7.323369565217392,3.214092140921409,10.605442176870747,22.897360703812318,36.49084249084249,14.078048780487805
08,GA,-10.74074074074074,-0.3641304347826087,-5.284552845528455,3.984126984126984,19.55718475073314,31.285714285714285,6.780487804878049
09,GA,8.39655172413793,-0.9107142857142857,-0.5619834710743802,2.852760736196319,11.775244299674267,14.467455621301776,5.47457627118644
09,GA,4.413793103448276,-4.475,-4.223140495867769,-1.7423312883435582,7.250814332247557,9.680473372781066,3.062146892655367
10,GA,-0.27450980392156865,2.6875,2.013888888888889,11.417613636363637,14.077922077922079,17.514018691588785,6.1923076923076925
10,GA,-7.803921568627451,-1.838235294117647,-1.1527777777777777,5.7585227272727275,8.371428571428572,13.728971962616823,0.8461538461538461
11,GA,-3.1029411764705883,1.42,1.0932944606413995,3.481894150417827,7.459154929577465,7.172,3.734806629834254
11,GA,-8.338235294117647,-5.776,-4.688046647230321,-5.451253481894151,-1.3661971830985915,-1.572,-5.392265193370166
12,GA,1.1846153846153846,4.343096234309623,11.530219780219781,10.855072463768115,14.916897506925208,20.090604026845636,11.99497487437186
12,GA,-2.5384615384615383,-3.1338912133891212,5.087912087912088,3.327536231884058,10.387811634349031,15.104026845637584,3.869346733668342
01,PA,10.048780487804878,0.13541666666666666,4.786516853932584,9.872413793103448,14.227106227106226,14.16326530612245,3.891891891891892
01,PA,8.682926829268293,-0.859375,3.3202247191011236,9.068965517241379,16.36996336996337,12.83673469387755,-0.2972972972972973
02,PA,0.9506172839506173,4.5,5.847058823529411,11.53639846743295,19.972332015810277,9.790816326530612,2.7419354838709675
02,PA,-9.444444444444445,0.41379310344827586,0.7235294117647059,6.7203065134099615,18.857707509881422,6.892857142857143,1.8548387096774193
03,PA,-2.2131147540983607,-2.2590909090909093,1.7741935483870968,5.5338078291814945,9.494652406417112,10.62439024390244,-0.14782608695652175
03,PA,-10.032786885245901,-6.8954545454545455,-4.092741935483871,2.3451957295373664,8.04812834224599,6.736585365853658,1.5217391304347827
04,PA,-0.75,-0.6903765690376569,6.610655737704918,10.06578947368421,11.217522658610273,16.06779661016949,1.5
04,PA,-18.166666666666668,-9.598326359832637,0.36065573770491804,6.785087719298246,8.716012084592146,10.555084745762711,-0.5070422535211268
05,PA,-5.409090909090909,-2.7853658536585364,3.281524926686217,12.3875,11.390625,22.488372093023255,13.682432432432432
05,PA,-17.818181818181817,-6.326829268292683,-1.7331378299120235,6.333333333333333,8.372395833333334,20.330232558139535,17.304054054054053
06,PA,-4.166666666666667,5.804651162790698,7.547337278106509,11.074235807860262,18.690807799442897,31.56084656084656,2.303703703703704
06,PA,-14.333333333333334,2.1674418604651162,4.502958579881657,5.991266375545852,16.220055710306408,29.978835978835978,9.4
07,PA,-5.6923076923076925,1.3554502369668247,2.7522658610271904,12.829694323144105,22.24550898203593,23.469945355191257,5.851351351351352
07,PA,-18,-2.374407582938389,-0.48942598187311176,10.97816593886463,19.934131736526947,19.69945355191257,7.628378378378378
08,PA,-7.423076923076923,-1.1850220264317182,1.3471810089020773,11.100436681222707,22.049723756906076,33.175115207373274,14.229813664596273
08,PA,-22.23076923076923,-3.0440528634361232,-0.17804154302670622,10.59825327510917,24.455801104972377,30.152073732718893,18.124223602484474
09,PA,4.925925925925926,-3.1179039301310043,1.3857566765578635,7.388888888888889,9.817415730337078,12.957983193277311,0.41836734693877553
09,PA,-1.6296296296296295,-5.8384279475982535,-3.2611275964391693,3.189814814814815,8.053370786516854,10.705882352941176,-1.9591836734693877
10,PA,-1.0666666666666667,-1.8222222222222222,3.3824362606232294,9.45703125,11.76,10.685714285714285,1.697674418604651
10,PA,-7.644444444444445,-1.9111111111111112,4.073654390934844,7.43359375,10.493333333333334,10.093877551020409,-2.127906976744186
11,PA,-3.9767441860465116,-0.1941747572815534,1.7453416149068324,3.8745247148288975,7.449591280653951,1,-2.8151260504201683
11,PA,-10.13953488372093,-7.058252427184466,-5.040372670807454,-1.1863117870722433,1.3433242506811989,-4.073394495412844,-5.168067226890757
12,PA,-1.1636363636363636,1.6828193832599119,9.398406374501992,17.106719367588934,20.033333333333335,24.03954802259887,7.045871559633028
12,PA,-8.054545454545455,-0.15859030837004406,6.9282868525896415,14.189723320158103,18.912820512820513,24.045197740112993,4.440366972477064
01,MO,28,13.712,13.495049504950495,27.766666666666666,27.934426229508198,28.294117647058822,0
01,MO,21.25,11.888,11.851485148514852,28.406666666666666,33.42622950819672,21.823529411764707,0
02,MO,0,4.12037037037037,10.989010989010989,17.016260162601625,19.35,18.069767441860463,0
02,MO,0,-7.925925925925926,0.7692307692307693,6.5772357723577235,10.333333333333334,9.837209302325581,0
03,MO,0.2972972972972973,6.368421052631579,6.488095238095238,13.214814814814815,15.949367088607595,27.9811320754717,0
03,MO,-8.486486486486486,2.263157894736842,0.2261904761904762,6.977777777777778,6.924050632911392,20.90566037735849,0
04,MO,1.4090909090909092,0.6346153846153846,12.045871559633028,18.203125,42.32051282051282,33.905660377358494,0
04,MO,-6.090909090909091,-5.980769230769231,4.807339449541284,13.1328125,39.56410256410256,27,0
05,MO,7.461538461538462,6.967391304347826,13.522727272727273,15.546666666666667,43.2027027027027,41.13725490196079,0
05,MO,-1.9076923076923078,-1.065217391304348,4.6022727272727275,9.193333333333333,37.108108108108105,32.294117647058826,0
06,MO,5.105263157894737,10,17.685393258426966,28.34193548387097,63.87692307692308,26.333333333333332,0
06,MO,-3.175438596491228,3.2666666666666666,11.640449438202246,22.974193548387095,54.723076923076924,20.462962962962962,0
07,MO,-2.098360655737705,4.56989247311828,2.6987951807228914,21.7987012987013,42.698412698412696,37.61224489795919,0
07,MO,-6.901639344262295,-2.247311827956989,-1.4096385542168675,20.123376623376622,35.55555555555556,34.224489795918366,0
08,MO,2.0869565217391304,1.481818181818182,7.090909090909091,25.97972972972973,55.72727272727273,74.18367346938776,0
08,MO,-4.978260869565218,-6.072727272727272,0.5227272727272727,23.074324324324323,47.984848484848484,67.40816326530613,0
09,MO,-0.85,1.5057471264367817,3.0869565217391304,6.803680981595092,10.028571428571428,14.95945945945946,0
09,MO,-7.55,-0.6091954022988506,-3.5942028985507246,5.245398773006135,5.714285714285714,12.716216216216216,0
10,MO,-3.0217391304347827,8.512820512820513,20.46153846153846,16.9,25.658227848101266,21.056603773584907,0
10,MO,-11.021739130434783,2.452991452991453,11.884615384615385,11.66842105263158,22.82278481012658,19.962264150943398,0
11,MO,-3.125,3.259259259259259,3.706896551724138,8.087209302325581,12.981132075471699,8.194444444444445,0
11,MO,-12.15,-8.574074074074074,-5.379310344827586,0.563953488372093,7.0754716981132075,0.4305555555555556,0
12,MO,11.44,7.628571428571429,8.758064516129032,24.253164556962027,24.387755102040817,37.014925373134325,0
12,MO,13.02,2.8,5.419354838709677,27.31645569620253,27.163265306122447,37.19402985074627,0
01,WI,-1.2352941176470589,20.89090909090909,45.224489795918366,28.90566037735849,28.5,25.625,0
01,WI,-3.411764705882353,17.272727272727273,45.16326530612245,29.358490566037737,27.431818181818183,27.0625,0
02,WI,5,7.509803921568627,27.68888888888889,14.731707317073171,28.25581395348837,24.307692307692307,0
02,WI,8.466666666666667,-2.607843137254902,17.555555555555557,8.439024390243903,24.25581395348837,27.153846153846153,0
03,WI,2.7083333333333335,10.457627118644067,15.264150943396226,17.84090909090909,32.266666666666666,69,0
03,WI,3.9166666666666665,2.7288135593220337,9.471698113207546,11.659090909090908,28,74,0
04,WI,-0.2727272727272727,1.709090909090909,11.115384615384615,28.2,43.094339622641506,20.833333333333332,0
04,WI,-6.2272727272727275,-3.727272727272727,8.5,25.133333333333333,37.490566037735846,21.125,0
05,WI,-0.9545454545454546,-1.11864406779661,4.615384615384615,35.977777777777774,39.16216216216216,0,0
05,WI,-8.090909090909092,-10.203389830508474,-5.653846153846154,30.57777777777778,32.2027027027027,0,0
06,WI,-2.0526315789473686,12.621212121212121,31.76,53.604166666666664,36.1,0,0
06,WI,-0.15789473684210525,11.469696969696969,21.56,51.875,34.58571428571429,0,0
07,WI,-1.826086956521739,11.909090909090908,5.352941176470588,19.67391304347826,47.21212121212121,0,0
07,WI,-5.173913043478261,5.5,-3.235294117647059,21.47826086956522,48.89393939393939,0,0
08,WI,-3,5.235294117647059,8.794117647058824,31.485714285714284,39.86363636363637,181.6,0
08,WI,-6.2727272727272725,0.45588235294117646,-0.27941176470588236,37.114285714285714,40.196969696969695,175.6,0
09,WI,-4.117647058823529,1.9508196721311475,24.714285714285715,2.607142857142857,16.819444444444443,721,0
09,WI,-2.588235294117647,-4.081967213114754,17.22222222222222,7.464285714285714,11.333333333333334,715,0
10,WI,-2.5238095238095237,-2.80327868852459,7.413043478260869,19.51851851851852,32.48717948717949,0,0
10,WI,-0.9523809523809523,-5.934426229508197,2.0652173913043477,20.574074074074073,26.82051282051282,0,0
11,WI,-1.1,4.12962962962963,10.173913043478262,2.8275862068965516,10.309859154929578,442,0
11,WI,-19.25,-8.074074074074074,0.2608695652173913,-9.10344827586207,4.422535211267606,422.5,0
12,WI,14.511627906976743,1.9,19.555555555555557,12.026315789473685,41.492537313432834,3,0
12,WI,-1.0232558139534884,-7.875,13.518518518518519,-1.6842105263157894,42.17910447761194,-8.88888888888889,0
01,WA,0,1.4782608695652173,-3,2.3125,16.5,0,2.369565217391304
01,WA,0,-10.880434782608695,-16,-6.575,-5,0,-5
02,WA,0,15.878048780487806,0,19.17948717948718,0,0,12.426829268292684
02,WA,0,10.109756097560975,0,7.67948717948718,0,0,5.219512195121951
03,WA,0,-0.45121951219512196,6.5,1.8928571428571428,3.2666666666666666,0,4.806451612903226
03,WA,0,-13.792682926829269,-1.7333333333333334,-10.696428571428571,-6.8,0,-1.8387096774193548
04,WA,0,-1.5833333333333333,28.586206896551722,31.642857142857142,28.142857142857142,0,4.633333333333334
04,WA,0,-19.483333333333334,13.275862068965518,15.625,4.714285714285714,0,-9.322222222222223
05,WA,0,0.22580645161290322,5.580645161290323,27.103448275862068,21.076923076923077,0,2.6881720430107525
05,WA,0,-12.419354838709678,-6.806451612903226,16.189655172413794,13.153846153846153,0,-8.526881720430108
06,WA,0,1.263157894736842,25.823529411764707,24.925925925925927,24.923076923076923,0,5.866666666666666
06,WA,0,-8.105263157894736,21.676470588235293,14.222222222222221,25.76923076923077,0,-6.911111111111111
07,WA,0,12.166666666666666,17.875,35.13636363636363,32.12903225806452,0,21.941747572815533
07,WA,0,6.1,18.90625,23.943181818181817,25.838709677419356,0,11.233009708737864
08,WA,0,6.409836065573771,16.766666666666666,27.384615384615383,20.193548387096776,0,16.244897959183675
08,WA,0,-13.59016393442623,10.2,18.725274725274726,11.838709677419354,0,1.4795918367346939
09,WA,0,5.283333333333333,8.866666666666667,11.58904109589041,0.43333333333333335,0,14.622222222222222
09,WA,0,-1.6666666666666667,9.033333333333333,9.26027397260274,-8.666666666666666,0,10.28888888888889
10,WA,0,1.903225806451613,3.161290322580645,19.342105263157894,3.7096774193548385,0,2.1411764705882352
10,WA,0,-6.596774193548387,-13.741935483870968,17.44736842105263,2.4516129032258065,0,-4.235294117647059
11,WA,0,1.15,15.066666666666666,1.9259259259259258,-2.5,0,3.5657894736842106
11,WA,0,-6.4,12.166666666666666,-5.12962962962963,-12.5,0,-4.2894736842105265
12,WA,0,2.2419354838709675,11.4,6.122448979591836,3.814814814814815,0,15.318181818181818
12,WA,0,0.24193548387096775,13.033333333333333,0.9795918367346939,2.2962962962962963,0,13.647727272727273
01,CA,9.862745098039216,6.112903225806452,8.94915254237288,16.045161290322582,16.578260869565216,20.287128712871286,10.653284671532846
01,CA,-3.823529411764706,-2.532258064516129,5.5152542372881355,7.63010752688172,10.02608695652174,13.01980198019802,2.2135036496350367
02,CA,-0.34615384615384615,13.69620253164557,16.87847222222222,24.52289156626506,22.596153846153847,14.435483870967742,16.066532258064516
02,CA,-22.615384615384617,-8.50632911392405,-1.4618055555555556,3.474698795180723,4.014423076923077,-4.935483870967742,-2.6129032258064515
03,CA,-1.2105263157894737,11.188505747126436,12.024691358024691,18.728538283062644,18.03731343283582,5.1257142857142854,10.83754512635379
03,CA,-18.614035087719298,-4.5954022988505745,-1.7623456790123457,4.5638051044083525,6.835820895522388,-11.685714285714285,-1.9584837545126355
04,CA,-0.7413793103448276,4.815789473684211,18.53074433656958,31.236641221374047,14.934545454545454,6.005025125628141,9.961467889908256
04,CA,-10.431034482758621,-0.9368421052631579,11.624595469255663,24.374045801526716,10.592727272727272,-2.251256281407035,-0.7779816513761468
05,CA,2.189655172413793,6.773778920308484,23.180555555555557,23.15632183908046,15.326460481099657,5.43801652892562,12.260948905109489
05,CA,-14.551724137931034,-4.205655526992288,7.072222222222222,8.689655172413794,5.563573883161512,-14.165289256198347,-2.5802919708029197
06,CA,-2.283333333333333,12.492021276595745,23.825545171339563,29.895833333333332,15.570469798657719,6.340909090909091,10.583173996175908
06,CA,-15.75,4.837765957446808,13.60436137071651,17.315104166666668,7.684563758389261,-7.795454545454546,-2.554493307839388
07,CA,-4.660714285714286,6.732283464566929,22.089337175792508,33.29745042492918,18.96815286624204,9.486486486486486,15.340073529411764
07,CA,-10.803571428571429,5.359580052493438,17.239193083573486,26.28611898016997,13.445859872611464,0.06081081081081081,6.428308823529412
08,CA,-3.0166666666666666,8.848958333333334,24.026011560693643,29.53314917127072,24.59197324414716,17.31081081081081,27.17241379310345
08,CA,-15.266666666666667,0.7239583333333334,18.589595375722542,22.823204419889503,17.05351170568562,2.3513513513513513,12.68239564428312
09,CA,-2.7333333333333334,3.5653266331658293,11.529940119760479,11.417283950617284,16.423076923076923,13.859649122807017,10.919463087248323
09,CA,-19.5,-6.99748743718593,-1.784431137724551,-1.474074074074074,6.4192307692307695,6.105263157894737,2.693512304250559
10,CA,-6.806451612903226,2.007142857142857,16.51197604790419,9.241457858769932,11.191011235955056,3.9766081871345027,5.509018036072145
10,CA,-21.774193548387096,-8.552380952380952,0.1437125748502994,-3.4464692482915718,0.1348314606741573,-10.68421052631579,-6.7695390781563125
11,CA,-6.733333333333333,0.3167082294264339,8.437062937062937,9.21380846325167,6.09704641350211,3.276995305164319,3.471014492753623
11,CA,-12.766666666666667,-7.815461346633416,-3.493006993006993,-1.2917594654788418,-2.308016877637131,-3.676056338028169,-1.8309178743961352
12,CA,-4.096774193548387,3.0976190476190477,13.57912457912458,22.29175946547884,17.38403041825095,15.434782608695652,16.711111111111112
12,CA,-15.516129032258064,-5.195238095238095,7.0033670033670035,12.732739420935411,8.254752851711027,7.059782608695652,9.811111111111112
01,OR,0,9.033333333333333,0,-2.5,0,0,31.49019607843137
01,OR,0,-7.166666666666667,0,-13,0,0,29.941176470588236
02,OR,0,5.285714285714286,0,0,0,0,6.666666666666667
02,OR,0,-17.142857142857142,0,0,0,0,3.3333333333333335
03,OR,-1.5,-1.5925925925925926,0,0,0,0,-2.4642857142857144
03,OR,-21.25,-14.25925925925926,0,0,0,0,-4.285714285714286
04,OR,0,-1.1,16.454545454545453,0,0,0,3.6166666666666667
04,OR,0,-19.033333333333335,-4,0,0,0,-6.183333333333334
05,OR,0,-0.6774193548387096,10.428571428571429,0,0,0,3.176470588235294
05,OR,0,-9.258064516129032,10.857142857142858,0,0,0,-0.7058823529411765
06,OR,0,-0.5862068965517241,16.714285714285715,0,0,0,11.958333333333334
06,OR,0,-1.793103448275862,16.428571428571427,0,0,0,2.888888888888889
07,OR,0,2.3333333333333335,6.407407407407407,0,0,0,11.465116279069768
07,OR,0,8.7,10.703703703703704,0,0,0,2.0697674418604652
08,OR,0,-2.066666666666667,10.866666666666667,0,0,0,16.545454545454547
08,OR,0,-6.766666666666667,16.166666666666668,0,0,0,2.897727272727273
09,OR,0,-3.793103448275862,1.9583333333333333,0,0,0,16.927272727272726
09,OR,0,-8.862068965517242,-8,0,0,0,13.963636363636363
10,OR,0,-1.064516129032258,7.842105263157895,0,0,0,4.625
10,OR,0,-8.64516129032258,5.2631578947368425,0,0,0,-1.6666666666666667
11,OR,0,-0.03333333333333333,5.117647058823529,0,0,0,1.68
11,OR,0,-7.566666666666666,-2.3529411764705883,0,0,0,-3.84
12,OR,0,-0.967741935483871,3,0,0,0,8.738461538461538
12,OR,0,-9,41.5,0,0,0,9.076923076923077
01,FL,4.6875,-0.865491651205937,10.868852459016393,18.590308370044053,23.712682379349047,24.828220858895705,18.446428571428573
01,FL,1.8229166666666667,-7.5,4.463114754098361,12.407048458149779,18.262626262626263,19.05521472392638,13.410714285714286
02,FL,-3.24,0.8676328502415459,12.267727930535456,16.797156398104267,23.005675368898977,23.817254174397032,22.615384615384617
02,FL,-8.89,-7.036714975845411,5.08972503617945,9.258767772511849,15.859250851305335,17.07792207792208,15.868131868131869
03,FL,0.9090909090909091,3.429831595829992,12.34340991535671,13.315352697095436,16.852125693160815,21.727051177904144,19.721374045801525
03,FL,-3.2587412587412588,-4.532477947072975,4.388149939540508,2.870539419087137,7.317005545286507,12.523964256701868,13.885496183206106
04,FL,2.847826086956522,3.87038789025544,14.510964912280702,20.562118126272914,35.22502628811777,32.93076923076923,21.656
04,FL,-8.884057971014492,-4.865657521286661,6.050438596491228,11.942973523421589,28.71713985278654,26.322222222222223,15.356
05,FL,6.336,0.8063420158550396,5.059203444564047,13.690663667041619,28.307256235827666,28.343629343629345,27.127167630057805
05,FL,-1.928,-5.665911664779162,-1.8223896663078578,7.028121484814398,25.113378684807255,24.3996138996139,24.54335260115607
06,FL,5.765432098765432,4.209302325581396,10.100642398286938,25.764705882352942,41.7958435207824,37.140120967741936,30.5
06,FL,0.7654320987654321,-1.2023255813953488,4.820128479657388,22.335724533715926,40.41809290953545,32.83971774193548,26.8
07,FL,4.724137931034483,3.3861702127659576,8.338042381432896,30.01862464183381,49.892059553349874,56.513622603430875,19.911392405063292
07,FL,0.4482758620689655,-3.3159574468085107,4.018163471241171,26.531518624641834,47.70471464019851,49.54086781029263,14.455696202531646
08,FL,3.1666666666666665,5.367368421052632,13.103174603174603,32.24541607898448,46.84472049689441,57.90837438423645,33.872727272727275
08,FL,-3.712121212121212,-0.8789473684210526,6.976190476190476,27.815232722143865,43.53416149068323,49.8935960591133,24.963636363636365
09,FL,-4.987341772151899,-3.908529048207664,0.291871921182266,5.145862552594671,9.240762812872466,15.064655172413794,12.828282828282829
09,FL,-11.60759493670886,-9.091470951792337,-4.3669950738916254,1.1430575035063113,5.052443384982122,10.718390804597702,5.474747474747475
10,FL,3.6476190476190475,-0.16181229773462785,4.4241758241758244,8.278164116828929,18.123655913978496,19.00854700854701,13.61
10,FL,-4.6380952380952385,-7.117583603020496,-2.9472527472527474,0.5034770514603616,9.84731182795699,10.487179487179487,6.27
11,FL,-4.900826446280992,0.24033437826541273,5.162031438935913,8.929268292682927,9.859631147540984,9.450913242009133,7
11,FL,-5.847107438016529,-4.4043887147335425,0.20435308343409916,4.304878048780488,4.120901639344262,3.8607305936073057,2.492462311557789
12,FL,1.6710526315789473,1.9663582842724978,10.606359649122806,18.054441260744987,24.232850241545894,32.47964601769912,19.181818181818183
12,FL,1.7894736842105263,-1.5929352396972245,5.760964912280702,13.918815663801338,20.405797101449274,28.31150442477876,13.104545454545455
01,CO,0,5.761363636363637,17.867768595041323,24.457831325301203,21.178861788617887,28,10.794117647058824
01,CO,0,-0.36363636363636365,11.12396694214876,18.40963855421687,12.146341463414634,1.5,3.4411764705882355
02,CO,24,3.0384615384615383,20.729508196721312,20.775862068965516,15.238532110091743,0,25.142857142857142
02,CO,7.857142857142857,-9.564102564102564,2.5491803278688523,7.310344827586207,2.091743119266055,0,12.428571428571429
03,CO,-3.5,9.467391304347826,15.521367521367521,37.911764705882355,17.02097902097902,0,17.54
03,CO,6,4,3.6324786324786325,29.61764705882353,5.195804195804196,0,3.28
04,CO,59,4.71578947368421,13.119718309859154,17.70967741935484,21.32484076433121,0,5.545454545454546
04,CO,41,-5.705263157894737,1.8309859154929577,13.806451612903226,14.32484076433121,0,-5.590909090909091
05,CO,14.4,9.365217391304348,8.894444444444444,25.666666666666668,25.162650602409638,0,10.085106382978724
05,CO,3.35,-2.1043478260869564,2.4055555555555554,27.274509803921568,24.44578313253012,0,-2.893617021276596
06,CO,7.8,4.258503401360544,26.219895287958114,27.93548387096774,46.72549019607843,6.5,15.653846153846153
06,CO,0.3,-0.8231292517006803,23.073298429319372,24.20967741935484,47.4640522875817,-2,7.25
07,CO,11.555555555555555,6.115853658536586,15.497584541062801,30.76271186440678,38.30635838150289,51.75,35.88333333333333
07,CO,8.777777777777779,5.804878048780488,18.966183574879228,29.35593220338983,38.052023121387286,48.25,32.016666666666666
08,CO,5.722222222222222,5.851851851851852,10.70935960591133,13.8,26.97037037037037,22,18.8
08,CO,-3.1666666666666665,-1.5864197530864197,5.068965517241379,12.342857142857143,26.511111111111113,0,6.472727272727273
09,CO,7.214285714285714,-0.8904109589041096,6.60655737704918,6.303030303030303,14.54225352112676,0,9.5
09,CO,-6.642857142857143,-8.684931506849315,4.092896174863388,11.666666666666666,15.485915492957746,0,-4.068181818181818
10,CO,16.3,10.816326530612244,17.51086956521739,19.358974358974358,22.134751773049647,0,21.07547169811321
10,CO,3.5,4.775510204081633,14.277173913043478,14.487179487179487,20.581560283687942,0,12.18867924528302
11,CO,10.333333333333334,2.096774193548387,7.426136363636363,11.44,14.93984962406015,0,3.4375
11,CO,-2.3333333333333335,-4.943548387096774,-2.3125,11.3,10.789473684210526,0,-1.0625
12,CO,-3,8.023809523809524,18.413333333333334,18.70149253731343,27.662420382165607,0,11.69047619047619
12,CO,-22,-2.119047619047619,10.88,16.567164179104477,24.585987261146496,-10,5.166666666666667
01,AZ,0,6.451612903225806,3.983050847457627,8.59322033898305,1.8571428571428572,0,4.393939393939394
01,AZ,0,-8.290322580645162,-4.88135593220339,2.440677966101695,-10.285714285714286,0,-7.757575757575758
02,AZ,0,7.2592592592592595,13.823529411764707,25.25,4.730769230769231,0,51.116279069767444
02,AZ,0,-16.25925925925926,-4.9411764705882355,5.865384615384615,-17.46153846153846,0,33.23255813953488
03,AZ,20.09090909090909,8.482758620689655,21.45614035087719,26.40625,14.516129032258064,24.5,14.959183673469388
03,AZ,5.954545454545454,-4.896551724137931,8.385964912280702,12.5625,5.580645161290323,33.25,3.704081632653061
04,AZ,-3,15.649122807017545,17.8125,33.05882352941177,14.696969696969697,31,25.313725490196077
04,AZ,1,8.31578947368421,4.770833333333333,26.176470588235293,11.363636363636363,23,19.225490196078432
05,AZ,0,18.4,11,58.625,36.714285714285715,0,16.43362831858407
05,AZ,0,5.514285714285714,-10.87037037037037,49.0625,27.2,0,4.884955752212389
06,AZ,1.5217391304347827,-1.7142857142857142,24.338461538461537,35.57692307692308,25.636363636363637,0,12.580882352941176
06,AZ,-9.173913043478262,-22.714285714285715,9.03076923076923,28.307692307692307,19.727272727272727,0,1.0588235294117647
07,AZ,-1.6,4.375,6.512195121951219,29.64516129032258,52.38095238095238,-1,12.186440677966102
07,AZ,-3.9,-3.0416666666666665,1.2926829268292683,26.870967741935484,47.38095238095238,-11,2.9915254237288136
08,AZ,28.387096774193548,2.066666666666667,33.629629629629626,10.735294117647058,11.333333333333334,0,33.096774193548384
08,AZ,18.774193548387096,-8.966666666666667,29.703703703703702,6.470588235294118,4.866666666666666,0,17.365591397849464
09,AZ,1.7,-0.14285714285714285,10.25,6.051282051282051,5.2,24,3.8363636363636364
09,AZ,-19.833333333333332,-20.285714285714285,0.6346153846153846,-0.20512820512820512,-2.4,15.592592592592593,-2.4909090909090907
10,AZ,0,-1.3142857142857143,6.546875,10.451612903225806,11.192307692307692,11.115384615384615,-0.8507462686567164
10,AZ,0,-24.65714285714286,-12.515625,-0.2903225806451613,-2.9038461538461537,-11,-13.805970149253731
11,AZ,0,0.5161290322580645,10.178571428571429,6.701492537313433,3.1739130434782608,0,3.4339622641509435
11,AZ,0,-18.29032258064516,3.0714285714285716,-8.104477611940299,-7.434782608695652,0,-4.509433962264151
12,AZ,0,0.06451612903225806,16.72972972972973,7.732394366197183,10.641509433962264,0,26.73134328358209
12,AZ,0,-11.838709677419354,10.08108108108108,3.3943661971830985,1.2641509433962264,0,19.35820895522388
01,MN,0,6.757281553398058,12,17.714285714285715,42.42307692307692,7.4125,0
01,MN,0,-1.4854368932038835,-2.6451612903225805,12.154761904761905,32.69230769230769,-10.075,0
02,MN,0,2.8,11.267857142857142,32.64935064935065,22.790697674418606,18.8,0
02,MN,0,-2.82,-1.2857142857142858,24.194805194805195,12.186046511627907,4.323076923076923,0
03,MN,0,3.9557522123893807,1.967741935483871,6.777777777777778,33.646341463414636,6.143790849673203,0
03,MN,0,-3.8584070796460175,-5.451612903225806,-5.412698412698413,22.74390243902439,-3.6143790849673203,0
04,MN,0,5.18018018018018,6.406779661016949,29.98181818181818,29.210526315789473,10.177914110429448,0
04,MN,0,-7.162162162162162,-3.6271186440677967,19.636363636363637,21.539473684210527,-1.1840490797546013,0
05,MN,0,-0.43529411764705883,0.9887640449438202,12.929824561403509,28.80246913580247,7.407407407407407,0
05,MN,0,-15.282352941176471,-11.932584269662922,-0.6666666666666666,21.666666666666668,-5.907407407407407,0
06,MN,0,0.8,1.3666666666666667,21.85185185185185,27.36144578313253,22.363095238095237,0
06,MN,0,-12.55,-7.466666666666667,16.432098765432098,22.83132530120482,14.797619047619047,0
07,MN,0,1.2,10.761904761904763,36.5632183908046,43.75581395348837,31.825581395348838,0
07,MN,0,-8.575,5.821428571428571,34.51724137931034,38.03488372093023,24.773255813953487,0
08,MN,0,-1.2857142857142858,-1.956043956043956,19.23076923076923,63.75,16.45977011494253,0
08,MN,0,-12.678571428571429,-12.582417582417582,16.46153846153846,58.725,6.885057471264368,0
09,MN,0,-2.4814814814814814,-1.7666666666666666,5.183333333333334,13.096385542168674,6.878787878787879,0
09,MN,0,-11.666666666666666,-10.222222222222221,2.0166666666666666,7.409638554216867,-0.41818181818181815,0
10,MN,0,0.30864197530864196,2.4193548387096775,11.64516129032258,26.36904761904762,6.006172839506172,0
10,MN,0,-9.024691358024691,-3.935483870967742,6.5,24.642857142857142,-1.3641975308641976,0
11,MN,0,3.25,2.8045977011494254,4.666666666666667,17.396039603960396,7.0625,0
11,MN,0,-7.3125,-8.25287356321839,-4.233333333333333,7.910891089108911,-4.6171875,0
12,MN,0,6.1647058823529415,9.180555555555555,11.764705882352942,23.50537634408602,25.28421052631579,8
12,MN,0,-0.15294117647058825,4.486111111111111,8.882352941176471,22.473118279569892,15.231578947368421,11
01,PR,8.901960784313726,0.5942028985507246,12.323529411764707,-5.741935483870968,6.631578947368421,16.303030303030305,59.3
01,PR,7.196078431372549,-8.46376811594203,3.7058823529411766,-7.741935483870968,-0.7368421052631579,5.03030303030303,55.06666666666667
02,PR,1.4807692307692308,2.8181818181818183,-1,4.976190476190476,5.8,31.46875,6.375
02,PR,-4.4423076923076925,-9.727272727272727,-12.615384615384615,-0.9761904761904762,-4.36,19.90625,1.75
03,PR,9.619047619047619,7.073170731707317,0,15.083333333333334,44.68421052631579,45.371428571428574,12.9
03,PR,-0.7936507936507936,-4.219512195121951,0,3.4047619047619047,38.73684210526316,38.57142857142857,8.15
04,PR,19.258426966292134,-5.2,14.745454545454546,5.172413793103448,16.327272727272728,23.28,0
04,PR,5.056179775280899,-11.933333333333334,4.9818181818181815,-5.275862068965517,11.018181818181818,15.64,0
05,PR,9.102564102564102,-4.290322580645161,9.580645161290322,-0.6896551724137931,-0.5161290322580645,17.39344262295082,0
05,PR,-2.923076923076923,-10.451612903225806,4.258064516129032,-5.327586206896552,-1,11.934426229508198,0
06,PR,23.35820895522388,16.333333333333332,-0.27586206896551724,8.379310344827585,12.133333333333333,29.949152542372882,22.166666666666668
06,PR,13.298507462686567,13.366666666666667,-6.068965517241379,3.2241379310344827,11.333333333333334,30.389830508474578,15.11111111111111
07,PR,44.48235294117647,39.1,7.903225806451613,10.709677419354838,10.516129032258064,20.475409836065573,12.32258064516129
07,PR,31.95294117647059,32.06666666666667,-0.9354838709677419,0.7096774193548387,3.838709677419355,11.688524590163935,-3.3870967741935485
08,PR,47.75342465753425,10.2,17.903225806451612,32.935483870967744,5.032258064516129,29.442622950819672,25.322580645161292
08,PR,43.26027397260274,4.4,13.580645161290322,24.838709677419356,-3.5161290322580645,19.918032786885245,15.129032258064516
09,PR,-2.275,-6.78,7.3,-2.033333333333333,-7.166666666666667,52.29032258064516,351.3333333333333
09,PR,-16.2125,-18.2,-4.933333333333334,-9.333333333333334,-5.9,36.83870967741935,334.3333333333333
10,PR,-2.1875,-6.161290322580645,3.806451612903226,-1.6944444444444444,-5.387096774193548,12.098360655737705,0
10,PR,-13.85,-17.677419354838708,-6.516129032258065,-10.055555555555555,-13.580645161290322,2.442622950819672,0
11,PR,0,-2.3508771929824563,14.4,0.84375,9.12280701754386,4.85,1.3571428571428572
11,PR,0.16666666666666666,-6.456140350877193,15.233333333333333,-4.03125,4.385964912280702,4.5,0.8928571428571429
12,PR,43.56578947368421,9.096774193548388,18.775,5.935483870967742,8.564516129032258,38.023809523809526,31.129032258064516
12,PR,41.578947368421055,4.548387096774194,20.4,-3.129032258064516,3.7580645161290325,33.5,30.838709677419356
01,VI,0,0,0,-4.7727272727272725,-8.5,0,0
01,VI,0,0,0,-10.454545454545455,-19.25,0,0
02,VI,0,0,0,6,-2,0,0
02,VI,0,0,0,-1.65,-19.25,0,0
03,VI,0,0,0,0.967741935483871,53.75,0,0
03,VI,0,0,0,-18.774193548387096,36.75,0,0
04,VI,0,0,0,-3.0344827586206895,-13.25,0,0
04,VI,0,0,0,-6.068965517241379,-17.5,0,0
05,VI,0,0,0,2.0588235294117645,0,0,0
05,VI,0,0,0,0.23529411764705882,0,0,0
06,VI,0,0,0,2.9411764705882355,0,0,0
06,VI,0,0,0,-0.9411764705882353,0,0,0
07,VI,0,0,0,30.352941176470587,0,0,0
07,VI,0,0,0,18,0,0,0
08,VI,0,0,0,0.9705882352941176,0,0,0
08,VI,0,0,0,-3.2941176470588234,0,0,0
09,VI,0,0,0,8.75,0,0,0
09,VI,0,0,0,4,0,0,0
10,VI,0,0,0,18,0,0,0
10,VI,0,0,0,5.875,0,0,0
11,VI,0,0,0,-4.615384615384615,0,0,0
11,VI,0,0,0,-5.461538461538462,0,0,0
12,VI,0,0,0,-4.136363636363637,-6.75,0,0
12,VI,0,0,0,-10.636363636363637,-13.5,0,0
01,NV,0,-4.8,15.050632911392405,17.153846153846153,9.909090909090908,0,3.5083333333333333
01,NV,0,-12.892307692307693,7.367088607594937,8.36923076923077,-8.848484848484848,0,-2.7083333333333335
02,NV,-2.3333333333333335,7.849056603773585,24.16216216216216,14.375,41.958333333333336,0,33.07843137254902
02,NV,-24.333333333333332,-8.584905660377359,5.472972972972973,-3.375,7.875,0,14.068627450980392
03,NV,-4.283333333333333,8.157894736842104,7.709677419354839,8.435483870967742,2.2580645161290325,21.58823529411765,18.866071428571427
03,NV,-24.983333333333334,-3.3684210526315788,-4.758064516129032,-1.5806451612903225,-7.612903225806452,8.470588235294118,4.589285714285714
04,NV,-4.2,-1.1081081081081081,7.038461538461538,32.36666666666667,12.872340425531915,76,11.460176991150442
04,NV,-14.057142857142857,-13.405405405405405,-1.6346153846153846,30.466666666666665,3.3617021276595747,66.4,-3.6106194690265485
05,NV,1.8870967741935485,1.5,11.267441860465116,25.09090909090909,13.582278481012658,0,6.405405405405405
05,NV,-22.048387096774192,-17,-1.1511627906976745,18.666666666666668,2.1012658227848102,0,-11.603603603603604
06,NV,-0.8166666666666667,6.166666666666667,16.988636363636363,32.651162790697676,29.359375,0,15.454545454545455
06,NV,-14.45,2.1666666666666665,14.215909090909092,29.953488372093023,22.609375,0,-2.381818181818182
07,NV,-2.8688524590163933,2,8.614457831325302,25.35135135135135,34.05263157894737,0,19.741666666666667
07,NV,-10.59016393442623,-0.75,10.493975903614459,29.72972972972973,29.017543859649123,0,3.0166666666666666
08,NV,-1.5737704918032787,-2.5,14.584615384615384,15.68,21.705882352941178,0,23.634146341463413
08,NV,-16.360655737704917,-9,14.338461538461539,10.04,19.352941176470587,0,1.3983739837398375
09,NV,-6.607142857142857,-2.4827586206896552,2.4375,12.738636363636363,11.392156862745098,-7,1.9444444444444444
09,NV,-18.214285714285715,-8.448275862068966,-7.875,7.136363636363637,-4.2745098039215685,-14,-14.305555555555555
10,NV,12.60377358490566,22.466666666666665,1.1333333333333333,8.402985074626866,16.70149253731343,0,6.321100917431193
10,NV,-0.6037735849056604,7.233333333333333,-6.066666666666666,-6.1940298507462686,4.2388059701492535,0,-10.339449541284404
11,NV,-3.357142857142857,6.101694915254237,24.49056603773585,-0.3114754098360656,4.684210526315789,0,9.51086956521739
11,NV,-17.785714285714285,0.10169491525423728,9.377358490566039,-10.885245901639344,-9.894736842105264,0,0.5760869565217391
12,NV,-2,1.4714285714285715,6.9375,11.426229508196721,15.666666666666666,0,22.670886075949365
12,NV,-11.75,-7.057142857142857,-6.75,6.721311475409836,10.11111111111111,0,15.50632911392405
01,UT,0,-1.4193548387096775,10.5,16.017241379310345,-1,0,2.1166666666666667
01,UT,0,-11.290322580645162,3.9285714285714284,14.03448275862069,-13.78125,0,-11.066666666666666
02,UT,0,2.7857142857142856,34.5,27.962264150943398,15.296296296296296,0,6.836363636363636
02,UT,0,-18.464285714285715,10.346153846153847,13.018867924528301,-6.333333333333333,0,-16.418181818181818
03,UT,0,7.645161290322581,12.806451612903226,11.096774193548388,12.903225806451612,0,20.693548387096776
03,UT,0,-7.580645161290323,2.6451612903225805,-2.225806451612903,-1.5161290322580645,0,8.548387096774194
04,UT,0,-0.3333333333333333,9.208333333333334,24.796296296296298,9.2,0,11.083333333333334
04,UT,0,-4.766666666666667,8.541666666666666,14.37037037037037,-4.2,0,-4.416666666666667
05,UT,0,1.4838709677419355,3.576923076923077,13.407407407407407,22.633333333333333,0,2.2903225806451615
05,UT,0,-8.451612903225806,-4.230769230769231,-11.74074074074074,10.983333333333333,0,-10.709677419354838
06,UT,0,9.233333333333333,13.44,29.829787234042552,15.19047619047619,0,26.576271186440678
06,UT,0,7.1,11,24.97872340425532,10.285714285714286,0,16.135593220338983
07,UT,0,33.13793103448276,2.52,33.583333333333336,12.961538461538462,0,40.806451612903224
07,UT,0,28.448275862068964,7.44,31.366666666666667,11.692307692307692,0,34.854838709677416
08,UT,0,-2.310344827586207,11.961538461538462,22.385964912280702,12.566666666666666,0,28.262295081967213
08,UT,0,-7.9655172413793105,9.076923076923077,23.49122807017544,7.8,0,12.557377049180328
09,UT,0,13.586206896551724,6.943396226415095,-3.4285714285714284,8.5,0,7.45
09,UT,0,8.793103448275861,8.962264150943396,-15,-1,0,0.18333333333333332
10,UT,0,13.096774193548388,25.528301886792452,-3.5555555555555554,1.4814814814814814,0,11.543859649122806
10,UT,0,7.67741935483871,20.18867924528302,-0.3333333333333333,-0.7407407407407407,0,3.807017543859649
11,UT,0,1.3,10.733333333333333,-8.633333333333333,13.88,0,2.789473684210526
11,UT,0,-7.233333333333333,-7.733333333333333,-9.866666666666667,4.52,0,-5.578947368421052
12,UT,0,16.129032258064516,10.483333333333333,-0.16666666666666666,19.35135135135135,28.833333333333332,11.59322033898305
12,UT,0,11.290322580645162,8.75,-2.0833333333333335,18.594594594594593,17,4.067796610169491
01,LA,-2.6666666666666665,-0.18032786885245902,8.942528735632184,27.484848484848484,18.2,6.703703703703703,0
01,LA,-28,-14.540983606557377,-1.2298850574712643,21.939393939393938,10.963636363636363,-9.481481481481481,0
02,LA,0,-3.1272727272727274,15.567901234567902,5.961538461538462,25.68,19.041666666666668,0
02,LA,0,-18.78181818181818,2.123456790123457,-2.230769230769231,18.12,-0.6666666666666666,0
03,LA,0,0.4838709677419355,11.161290322580646,26.903225806451612,17.21311475409836,15.96774193548387,0
03,LA,0,-10.112903225806452,-0.5376344086021505,10.193548387096774,5.229508196721311,2.3870967741935485,0
04,LA,0,14.517241379310345,17.17241379310345,39,38.629629629629626,16.566666666666666,0
04,LA,0,-2.103448275862069,11.517241379310345,21,34.05555555555556,6.666666666666667,0
05,LA,-7.666666666666667,7.786666666666667,19.415254237288135,27.794117647058822,24.945454545454545,6,0
05,LA,-18,-4.733333333333333,9.584745762711865,13.176470588235293,11.236363636363636,-6.346153846153846,0
06,LA,-2.5,3.0625,8.032608695652174,19.228571428571428,35.25,39.36666666666667,0
06,LA,-5,-7.265625,1.0978260869565217,7.885714285714286,28.365384615384617,27.066666666666666,0
07,LA,0,13.694915254237289,7.318181818181818,23.214285714285715,93,34.4,0
07,LA,0,10.322033898305085,3.8068181818181817,11.25,83.84313725490196,32.266666666666666,0
08,LA,0,-0.6349206349206349,8.428571428571429,8.53125,40.75,39.75,0
08,LA,0,-6.26984126984127,5,-9.09375,37.589285714285715,33.82142857142857,0
09,LA,6,-1.8412698412698412,1.603960396039604,6.4,9.92,4.434782608695652,0
09,LA,7,-5.5396825396825395,-6.316831683168317,-5.2,3.7,-1.108695652173913,0
10,LA,0,12.651515151515152,21.68807339449541,34.61538461538461,39.015151515151516,16.52542372881356,0
10,LA,0,8.393939393939394,11.63302752293578,19.846153846153847,24.439393939393938,6.813559322033898,0
11,LA,0,2.7419354838709675,11.058823529411764,7.566666666666666,10.5,2.6666666666666665,0
11,LA,0,-3.8870967741935485,4.094117647058823,-7.9,5.846153846153846,-5.771929824561403,0
12,LA,11,1.54,18.796296296296298,33.0625,20.904761904761905,24.795454545454547,0
12,LA,2.5,-5.18,16.15740740740741,26.8125,17.261904761904763,21.5,0
01,NJ,0,23.741935483870968,43.06896551724138,32.07462686567164,40.225,80.43333333333334,38.43089430894309
01,NJ,0,16.580645161290324,43.793103448275865,25.492537313432837,41.05833333333333,80.63333333333334,34.09756097560975
02,NJ,0,15.86021505376344,8.88888888888889,18.104166666666668,29.37323943661972,38.9390243902439,23.540983606557376
02,NJ,0,11.881720430107526,-7.222222222222222,11.604166666666666,27.239436619718308,36.573170731707314,20.31967213114754
03,NJ,0,6.670212765957447,14.409090909090908,15.121212121212121,25.345549738219894,44.77777777777778,27.193181818181817
03,NJ,0,0.7872340425531915,4.386363636363637,6.9393939393939394,17.486910994764397,40.25,20.136363636363637
04,NJ,0,18.267441860465116,9.244897959183673,8.471698113207546,24.92142857142857,37.741573033707866,34.06172839506173
04,NJ,0,5.941860465116279,-2.0408163265306123,-1.6603773584905661,18.5,30.95505617977528,27.88888888888889
05,NJ,0,5.38135593220339,11.717948717948717,19.68,17.137096774193548,46.770114942528735,43.3921568627451
05,NJ,0,-1.9830508474576272,-0.5384615384615384,13.94,20.85483870967742,47.59770114942529,41.71568627450981
06,NJ,0,16.640776699029125,37.35849056603774,32.97222222222222,51.34375,46.16438356164384,43.72463768115942
06,NJ,0,15.990291262135923,35.22641509433962,31.458333333333332,47.770833333333336,40.67123287671233,40.36231884057971
07,NJ,0,8.738095238095237,20.1,12.358024691358025,41.46153846153846,67.82666666666667,31.703125
07,NJ,0,4.5,13.35,10.320987654320987,43.747252747252745,63.16,22.28125
08,NJ,0,13.886363636363637,20.316666666666666,16.317073170731707,34.888888888888886,60.64705882352941,69.4920634920635
08,NJ,0,10.931818181818182,15.983333333333333,13.134146341463415,40.123456790123456,58.258823529411764,59.73015873015873
09,NJ,0,2.8828828828828827,3.0714285714285716,8.609756097560975,15.053571428571429,45.74782608695652,13.486486486486486
09,NJ,0,-5.423423423423423,-7.892857142857143,5.6016260162601625,10.910714285714286,42.13913043478261,6.378378378378378
10,NJ,0,4.60655737704918,7.3584905660377355,14.875,36.09722222222222,41.87096774193548,34.025
10,NJ,0,-0.22131147540983606,-0.9811320754716981,8.7,32.041666666666664,39.526881720430104,30.0125
11,NJ,0,2.8849557522123894,9.75,22.346938775510203,32.01459854014598,49.71764705882353,39.34722222222222
11,NJ,0,-5.132743362831858,0.25,17.476190476190474,24.773722627737225,44.423529411764704,35
12,NJ,0,8.40952380952381,20.428571428571427,27.59090909090909,54.776595744680854,65.79220779220779,35.02564102564103
12,NJ,0,8.723809523809523,13.928571428571429,30.113636363636363,52.851063829787236,63.246753246753244,32.5
01,KY,-1.4516129032258065,5.819672131147541,24.208955223880597,17.977011494252874,31.41860465116279,42.083333333333336,0
01,KY,-2.4193548387096775,5.39344262295082,24.432835820895523,21.71264367816092,31.302325581395348,44,0
02,KY,-3.6037735849056602,4.040816326530612,8.081967213114755,7.294871794871795,27.375,30.31578947368421,0
02,KY,-22.50943396226415,-7.510204081632653,-3.19672131147541,0.32051282051282054,20.178571428571427,23.894736842105264,0
03,KY,47.5,17.245454545454546,7.724137931034483,4.785046728971962,20.646153846153847,9.75,0
03,KY,34,12.1,2.6379310344827585,1.6728971962616823,13.430769230769231,4.458333333333333,0
04,KY,0,8.34375,28.92982456140351,17.6875,34.36434108527132,24.444444444444443,0
04,KY,0,2.546875,26.263157894736842,15.3,33,28.88888888888889,0
05,KY,-1.6818181818181819,6.576576576576577,12.388059701492537,6.504761904761905,25.430232558139537,40.88,51
05,KY,-6.954545454545454,-3.2522522522522523,3.343283582089552,2.466666666666667,18.476744186046513,42.586666666666666,33
06,KY,13.695652173913043,19.99074074074074,13.654545454545454,28.596774193548388,24.439393939393938,67.92405063291139,0
06,KY,12.217391304347826,14.101851851851851,2.6,22.370967741935484,18.045454545454547,67.9873417721519,0
07,KY,8.75,8.069306930693068,5.517857142857143,12.75,11.96078431372549,33.23943661971831,0
07,KY,8.45,0.6237623762376238,-2.4464285714285716,8.8359375,8.509803921568627,32.014084507042256,0
08,KY,-1.2,4.546296296296297,3.793103448275862,8.225563909774436,36.390625,52.03703703703704,0
08,KY,-3.24,-2.5462962962962963,-6.931034482758621,4.7819548872180455,31.125,45.358024691358025,0
09,KY,-4.4,3.089108910891089,0.72,4.223880597014926,12.815384615384616,12.121951219512194,0
09,KY,-10.6,-0.9603960396039604,-4.5,1.7388059701492538,11.784615384615385,8.853658536585366,0
10,KY,0.25,1.4591836734693877,1.96875,13.462686567164178,33.689189189189186,26.93103448275862,0
10,KY,-2.75,-4.255102040816326,-2.84375,6.6940298507462686,27.39189189189189,23.183908045977013,0
11,KY,17.105263157894736,-1.1717171717171717,7.5,7.176991150442478,12.112903225806452,5.096774193548387,0
11,KY,23.57894736842105,-8.747474747474747,-1.2179487179487178,-2.256637168141593,5.935483870967742,-3.3548387096774195,0
12,KY,5.378378378378378,11.417721518987342,8.666666666666666,11.427184466019417,30.266666666666666,21.92156862745098,0
12,KY,-1.4594594594594594,4.544303797468355,3.409090909090909,3.1067961165048543,28.383333333333333,19.901960784313726,0
01,OH,-8,5.8892508143322475,13.530303030303031,22.912442396313363,30.623893805309734,32.31967213114754,0
01,OH,-18,4.133550488599348,13.974747474747474,20.308755760368662,29.615044247787612,34.549180327868854,0
02,OH,0,3.1135531135531136,9.117948717948718,14.52284263959391,16.035353535353536,31.09009009009009,0
02,OH,0,-4.424908424908425,2.174358974358974,6.776649746192893,7.686868686868687,28.117117117117118,0
03,OH,-2.1052631578947367,3.6895306859205776,8.966101694915254,7.875,11.320512820512821,26.273333333333333,0
03,OH,-11.421052631578947,-1.516245487364621,3.9152542372881354,2.961206896551724,7.081196581196581,19.32,0
04,OH,124,0.937037037037037,16.39,12.11864406779661,37.10382513661202,25.904,0
04,OH,109,-8.362962962962962,10.425,8.944915254237289,34.85792349726776,24.352,0
05,OH,-1.8571428571428572,0.7708333333333334,3.2044198895027622,7.6640625,26.397590361445783,32.25,0
05,OH,-9,-5.635416666666667,-3.3922651933701657,-0.35546875,20.987951807228917,32.63157894736842,0
06,OH,1.0869565217391304,10.75187969924812,21.925133689839573,22.049808429118773,31.63425925925926,37.76712328767123,0
06,OH,-2.9130434782608696,3.7142857142857144,18.759358288770052,17.593869731800766,32.013888888888886,35.06849315068493,0
07,OH,-4.8,3.7192307692307693,8.764102564102565,25.21923076923077,24.0765306122449,61.76923076923077,0
07,OH,-12.36,-4.826923076923077,3.4461538461538463,25.01923076923077,24.959183673469386,61.83076923076923,0
08,OH,-3.5,3.34251968503937,5.278048780487805,14.22340425531915,34.91282051282051,45.795180722891565,0
08,OH,-10.041666666666666,-4.181102362204724,-0.6195121951219512,11.205673758865249,37.246153846153845,45.08433734939759,0
09,OH,0,1.5397923875432526,5.390476190476191,7.296875,20.71212121212121,11.873417721518987,0
09,OH,0,-5.9342560553633215,3.1476190476190475,0.51953125,19.893939393939394,18.746835443037973,0
10,OH,0,-1.023890784982935,7.087557603686636,12.45,22.43778801843318,34.88461538461539,0
10,OH,0,-7.447098976109215,3.751152073732719,4.9,22.032258064516128,38.8974358974359,0
11,OH,-4.592592592592593,4.5,7.9655172413793105,5.502008032128514,5.766169154228856,19.068493150684933,0
11,OH,-22.037037037037038,-4.020325203252033,-1.0492610837438423,-3.8112449799196786,-1.3233830845771144,14.63013698630137,0
12,OH,-3.3947368421052633,3.9484126984126986,16.22159090909091,13.893805309734514,31.620689655172413,41.720588235294116,0
12,OH,-21.526315789473685,-1.7896825396825398,11.698863636363637,5.902654867256637,30.896551724137932,38,0
01,IN,0,7.632911392405063,10.036363636363637,15.698412698412698,30.53061224489796,-5.333333333333333,0
01,IN,0,4.974683544303797,6.672727272727273,13.031746031746032,36.61224489795919,-23.333333333333332,0
02,IN,0,4.5675675675675675,8.553191489361701,12.351851851851851,25.895833333333332,0,0
02,IN,0,-3.418918918918919,-3.702127659574468,3.388888888888889,21.020833333333332,0,0
03,IN,0,2.646017699115044,5.518518518518518,7.17910447761194,13.945454545454545,50.333333333333336,0
03,IN,0,-2.7168141592920354,7.2592592592592595,1.2686567164179106,6.181818181818182,43.583333333333336,0
04,IN,0,3.9074074074074074,13.358490566037736,8.46551724137931,21.896551724137932,31.692307692307693,0
04,IN,0,-5.527777777777778,7.2075471698113205,8.568965517241379,14,27.153846153846153,0
05,IN,0,-2.810810810810811,4.964285714285714,2.171875,14.827586206896552,32.26,0
05,IN,0,-8.126126126126126,-2.357142857142857,-5.015625,10.655172413793103,29.12,0
06,IN,0,1.7064220183486238,5.260869565217392,11.19047619047619,20.304347826086957,20.193548387096776,0
06,IN,0,-3.5137614678899083,2.260869565217391,4,16.91304347826087,14.46774193548387,0
07,IN,0,-2.548076923076923,10.62962962962963,10.138461538461538,11,13.10344827586207,0
07,IN,0,-8.384615384615385,4,7.246153846153846,5.619047619047619,11.948275862068966,0
08,IN,0,2.6106194690265485,3.9615384615384617,4.725806451612903,10.8,29.53846153846154,0
08,IN,0,-5.495575221238938,-5.038461538461538,-3.6129032258064515,19.04,23.415384615384614,0
09,IN,0,-2.701923076923077,-1.2173913043478262,-0.4444444444444444,14.4,11.25925925925926,0
09,IN,0,-7.519230769230769,-12.826086956521738,-9.73015873015873,13.12,3.4814814814814814,0
10,IN,0,-2.0727272727272728,5.035714285714286,14.098360655737705,25.867924528301888,17.839285714285715,0
10,IN,0,-9.145454545454545,-0.25,4.655737704918033,21.20754716981132,6.75,0
11,IN,0,0.30927835051546393,3.44,-1.6612903225806452,5.565217391304348,10.62,0
11,IN,0,-8.175257731958762,-4.32,-13.370967741935484,-1.434782608695652,5.58,0
12,IN,2.1666666666666665,0.2441860465116279,23.22222222222222,3.6769230769230767,29.442307692307693,36.875,0
12,IN,2.2222222222222223,-6.593023255813954,15.333333333333334,0.38461538461538464,27.71153846153846,46.6875,0
01,NH,3.6363636363636362,0,0,0,0,0,0
01,NH,-2.1818181818181817,0,0,0,0,0,0
02,NH,2.6666666666666665,0,0,0,0,0,0
02,NH,-2.0476190476190474,0,0,0,0,0,0
03,NH,2.44,0,0,0,0,0,0
03,NH,-4.32,0,0,0,0,0,0
04,NH,139,5.541666666666667,0,0,0,0,0
04,NH,133,3.4583333333333335,0,0,0,0,0
05,NH,0,-3.72,0,0,0,0,0
05,NH,0,-14.44,0,0,0,0,0
06,NH,0,1.8333333333333333,53.5,0,0,0,0
06,NH,0,-0.5,52.5,0,0,0,0
07,NH,0,14.416666666666666,-8.5,0,0,0,0
07,NH,0,12.458333333333334,-13.833333333333334,0,0,0,0
08,NH,-4.357142857142857,35.2,-2.25,0,0,0,0
08,NH,-2.357142857142857,33.5,-6.25,0,0,0,0
09,NH,0,-4.809523809523809,-12.5,0,0,0,0
09,NH,0,-5.190476190476191,-11.25,0,0,0,0
10,NH,13.263157894736842,-11.5,-11.25,0,0,0,0
10,NH,15.421052631578947,0,-5.25,0,0,0,0
11,NH,15.842105263157896,0,-5.666666666666667,-14,0,0,0
11,NH,6.578947368421052,21,-5.333333333333333,-13,0,0,0
12,NH,24.214285714285715,0,-8.5,0,0,0,0
12,NH,24,0,-21,0,0,0,0
01,VT,5.131147540983607,15.95,28,13.68421052631579,58.06818181818182,0,0
01,VT,5.770491803278689,23.2,21.910714285714285,0.9473684210526315,56.11363636363637,0,0
02,VT,12.30188679245283,9.409090909090908,12.351851851851851,39.05714285714286,23.78125,0,0
02,VT,2.849056603773585,13.636363636363637,1.0740740740740742,26.942857142857143,13.25,0,0
03,VT,2.7096774193548385,16.29032258064516,1.625,-0.17582417582417584,159,66.10344827586206,0
03,VT,3.693548387096774,8.451612903225806,-2.625,-1.901098901098901,184,64.72413793103448,0
04,VT,8.38961038961039,45.888888888888886,-5.3,9.848837209302326,0,8.857142857142858,0
04,VT,1.077922077922078,30.88888888888889,-11.333333333333334,10.13953488372093,0,10.25,0
05,VT,-4.5,-3.4482758620689653,-4.064516129032258,2.808988764044944,0,18.5,0
05,VT,-8.333333333333334,-8.068965517241379,-16.70967741935484,3.6179775280898876,0,16.5,0
06,VT,0.7662337662337663,-7.636363636363637,4.533333333333333,20.28235294117647,0,55.4,0
06,VT,-1.2727272727272727,-3.909090909090909,-7.566666666666666,18.235294117647058,0,58.46666666666667,0
07,VT,6.1066666666666665,-11.2,3.935483870967742,43.065934065934066,0,85.20833333333333,0
07,VT,4.84,-25.2,-7.806451612903226,39.57142857142857,0,94.45833333333333,0
08,VT,13.6,-8.8,13.125,25.057471264367816,0,24.74074074074074,0
08,VT,11.152941176470588,-12.6,2.59375,23.333333333333332,0,32.03703703703704,0
09,VT,-4.790123456790123,1.3888888888888888,20.666666666666668,19.772727272727273,0,-0.10344827586206896,0
09,VT,-7.901234567901234,-11.194444444444445,3.6666666666666665,9.522727272727273,0,-8.137931034482758,0
10,VT,6.158536585365853,18.454545454545453,-9.2,13.770114942528735,0,0.75,0
10,VT,-0.43902439024390244,6.393939393939394,-17,7.114942528735632,0,-1.2916666666666667,0
11,VT,11.395061728395062,40.875,11.724137931034482,17.97590361445783,0,16.565217391304348,0
11,VT,10.469135802469136,34.625,9.96551724137931,13.55421686746988,0,-0.2608695652173913,0
12,VT,1.736842105263158,16.285714285714285,13.774193548387096,19.863636363636363,30,20.529411764705884,0
12,VT,-3.0789473684210527,3.0714285714285716,9.516129032258064,13.125,30,26.294117647058822,0
01,IA,0,7.7368421052631575,0,46.166666666666664,0,0,0
01,IA,0,5.526315789473684,0,43.833333333333336,0,0,0
02,IA,0,27.94736842105263,0,30.42105263157895,0,0,0
02,IA,0,6.894736842105263,0,24.894736842105264,0,0,0
03,IA,0,-0.42857142857142855,0,17.066666666666666,0,0,0
03,IA,0,-3.619047619047619,0,9.6,0,0,0
04,IA,0,-2.9545454545454546,21.714285714285715,20.863636363636363,0,0,0
04,IA,0,-4.136363636363637,16.571428571428573,20.727272727272727,0,0,0
05,IA,0,-1.565217391304348,0,15.666666666666666,0,0,0
05,IA,0,-10.956521739130435,0,8.966666666666667,0,0,0
06,IA,0,0.15,18,45.82142857142857,0,0,0
06,IA,0,-6.7,9.666666666666666,44.857142857142854,0,0,0
07,IA,0,-3.3684210526315788,-4,21.64,0,0,0
07,IA,0,-9.894736842105264,-12,24.68,0,0,0
08,IA,0,19.5,-1.25,20.03448275862069,0,0,0
08,IA,0,7.4,-0.25,18.17241379310345,0,0,0
09,IA,0,-3.0952380952380953,0,3.32,0,0,0
09,IA,0,-12.714285714285714,0,-0.96,0,0,0
10,IA,0,4.913043478260869,0,34.04347826086956,0,0,0
10,IA,0,-2.4782608695652173,0,23.652173913043477,0,0,0
11,IA,0,-1.2777777777777777,0,73.15,0,0,0
11,IA,0,-12.38888888888889,0,68.8,0,0,0
12,IA,0,4.75,-3,29.944444444444443,0,0,0
12,IA,0,1.6875,-12.375,21.22222222222222,0,0,0
01,ME,4.138888888888889,8.066666666666666,1.9473684210526316,27.057142857142857,30.2,33.758620689655174,0
01,ME,-6.055555555555555,4.2,-13.263157894736842,20.385714285714286,31.56,26.06896551724138,0
02,ME,-1.8148148148148149,6.463768115942029,-6,12.623188405797102,33.3,13.548387096774194,0
02,ME,-10.148148148148149,1.5797101449275361,-16.88888888888889,6.420289855072464,26.9,5.032258064516129,0
03,ME,6.967741935483871,5.053571428571429,8.10344827586207,9.735294117647058,10.291666666666666,12.551020408163266,0
03,ME,4.709677419354839,3.982142857142857,6.413793103448276,10.338235294117647,12.458333333333334,6.040816326530612,0
04,ME,10.333333333333334,9.173076923076923,11.066666666666666,31.77777777777778,45.236111111111114,28.782608695652176,0
04,ME,0.6666666666666666,7.019230769230769,7.816666666666666,31.761904761904763,44.208333333333336,27.47826086956522,0
05,ME,0.0967741935483871,-1.0526315789473684,-0.6470588235294118,7.565217391304348,22.516483516483518,17.727272727272727,0
05,ME,-6.645161290322581,-6.508771929824562,-5.029411764705882,1.2391304347826086,19.934065934065934,14.545454545454545,0
06,ME,1.2826086956521738,17.948275862068964,18.037735849056602,32.35964912280702,37.825,19.307692307692307,0
06,ME,-1.6304347826086956,15.982758620689655,16.62264150943396,33.06140350877193,35.1625,22.415384615384614,0
07,ME,4.857142857142857,-0.3709677419354839,6.754385964912281,49.32142857142857,41.925,49.52054794520548,0
07,ME,1.375,-7.161290322580645,-3.2280701754385963,49.55714285714286,35.3625,50.32876712328767,0
08,ME,20.68421052631579,2.2388059701492535,10.131147540983607,31.393103448275863,54.01149425287356,33.76712328767123,0
08,ME,20.19298245614035,-1.7761194029850746,3.180327868852459,35.641379310344824,51.9080459770115,39.36986301369863,0
09,ME,9.705882352941176,5.484375,-0.7738095238095238,10.797101449275363,10.961538461538462,23.897435897435898,0
09,ME,7.147058823529412,-1.390625,-4.369047619047619,5.086956521739131,8.846153846153847,25.474358974358974,0
10,ME,14.733333333333333,5.483870967741935,8.553846153846154,13.257731958762887,19.8,18.6,0
10,ME,7.3,5.403225806451613,8.830769230769231,13.360824742268042,18.784615384615385,21.585714285714285,0
11,ME,-0.3793103448275862,3.2857142857142856,-2.0444444444444443,11.280701754385966,6.222222222222222,12.645833333333334,0
11,ME,-6,-6.428571428571429,-13.244444444444444,2.912280701754386,1.8055555555555556,8.645833333333334,0
12,ME,11,16.076923076923077,10.5625,11.121951219512194,17.413333333333334,79.5,0
12,ME,9.580645161290322,9.846153846153847,-2.375,4.2926829268292686,16.32,160,0
01,MD,4.074074074074074,-0.8387096774193549,8.393700787401574,6.8316831683168315,9.438016528925619,18.912280701754387,9.723809523809523
01,MD,-5.148148148148148,-1.7096774193548387,2.6535433070866143,-0.43564356435643564,1.2892561983471074,19.157894736842106,4.371428571428571
02,MD,-0.5185185185185185,1.9166666666666667,14.818181818181818,11.976190476190476,22.300970873786408,25.386363636363637,15.204081632653061
02,MD,-11.925925925925926,-2.9583333333333335,12.136363636363637,5.976190476190476,13.864077669902912,24.25,7.887755102040816
03,MD,-4,-2.4805194805194803,3.359154929577465,3.9789473684210526,11.614035087719298,15.2,7.947826086956522
03,MD,26,-5.35064935064935,-6.140845070422535,-6.410526315789474,3.973684210526316,7.778947368421052,-0.5826086956521739
04,MD,1.2857142857142858,9.105263157894736,5.626666666666667,8.35632183908046,11.678899082568808,15.485148514851485,16.666666666666668
04,MD,-1.9285714285714286,1.605263157894737,-5.546666666666667,2.67816091954023,5.440366972477064,5.198019801980198,8.736842105263158
05,MD,0,1.253968253968254,6.494791666666667,7.72463768115942,19.280701754385966,23.435643564356436,20.116666666666667
05,MD,0,-7.650793650793651,-2.9427083333333335,0.2898550724637681,16.30701754385965,21.297029702970296,14.933333333333334
06,MD,0,6.3076923076923075,5.748792270531401,7.816326530612245,11.97391304347826,19.557377049180328,31.36283185840708
06,MD,0,-1.0384615384615385,-6.695652173913044,-0.20408163265306123,4.765217391304348,18.934426229508198,24.256637168141594
07,MD,0,5.77906976744186,6.622727272727273,36.93636363636364,24.974358974358974,24.844444444444445,25.088495575221238
07,MD,0,-1.5232558139534884,-3.709090909090909,32.19090909090909,17.35042735042735,17.2,16.486725663716815
08,MD,0,2.696629213483146,2.7069767441860466,15.30841121495327,16.881889763779526,16.7875,29.216216216216218
08,MD,0,-5.202247191011236,-8.12093023255814,6.345794392523365,8.440944881889763,14.375,25.98198198198198
09,MD,0,-0.35064935064935066,-0.20108695652173914,2.6862745098039214,4.5233644859813085,6.939024390243903,3.7767857142857144
09,MD,0,-4.662337662337662,-10.217391304347826,0.4019607843137255,-4.233644859813084,-1.0975609756097562,-3.375
10,MD,0,3.1707317073170733,2.297560975609756,5.855421686746988,6.368794326241135,7.670329670329671,13.238938053097344
10,MD,0,2.926829268292683,-4.434146341463415,3.9518072289156625,-2.2411347517730498,-0.7362637362637363,1.7256637168141593
11,MD,0,1.7317073170731707,2.895705521472393,17.03960396039604,11.56140350877193,13.252747252747254,9.37864077669903
11,MD,0,-5.512195121951219,-8.47239263803681,9.92079207920792,3.192982456140351,2.6153846153846154,5.893203883495145
12,MD,15.157894736842104,31.705882352941178,12.724137931034482,14.78048780487805,14.466101694915254,19.893617021276597,26.99074074074074
12,MD,8.894736842105264,21.11764705882353,2.5632183908045976,6.317073170731708,5.9491525423728815,9.872340425531915,23.074074074074073
01,NM,0,0,0,0,0,0,11.736842105263158
01,NM,0,0,0,0,0,0,1
02,NM,0,0,0,0,0,0,8.333333333333334
02,NM,0,0,0,0,0,0,-5
03,NM,0,0,0,0,0,0,33.82608695652174
03,NM,0,0,0,0,0,0,20.304347826086957
04,NM,0,0,0,0,0,0,8.904761904761905
04,NM,0,0,0,0,0,0,5.285714285714286
05,NM,0,0,0,0,0,0,12.041666666666666
05,NM,0,0,0,0,0,0,2.2083333333333335
06,NM,0,0,0,0,0,0,57.10344827586207
06,NM,0,0,0,0,0,0,48.86206896551724
07,NM,0,0,0,0,0,0,20.866666666666667
07,NM,0,0,0,0,0,0,18.633333333333333
08,NM,0,0,0,0,0,0,32.29032258064516
08,NM,0,0,0,0,0,0,20.258064516129032
09,NM,0,0,0,0,0,0,-4.086956521739131
09,NM,0,0,0,0,0,0,-5.913043478260869
10,NM,0,0,0,0,0,0,19.379310344827587
10,NM,0,0,0,0,0,0,7.551724137931035
11,NM,0,0,0,0,0,0,9.238095238095237
11,NM,0,0,0,0,0,0,1.2380952380952381
12,NM,0,0,0,0,0,0,75.03703703703704
12,NM,0,0,0,0,0,0,71.33333333333333
01,WY,0,0,0,-5.25,0,0,0
01,WY,0,0,0,-19,0,0,0
02,WY,0,0,0,-1.75,0,0,0
02,WY,0,0,0,-10.25,0,0,0
03,WY,0,0,0,19.8,0,0,0
03,WY,0,0,0,8,0,0,0
04,WY,0,0,0,0,0,0,0
04,WY,0,0,0,0,0,0,0
05,WY,0,0,0,0,0,0,0
05,WY,0,0,0,0,0,0,0
06,WY,0,0,0,-0.25,0,0,0
06,WY,0,0,0,-0.25,0,0,0
07,WY,0,0,0,0,0,0,0
07,WY,0,0,0,-4,0,0,0
08,WY,0,0,0,4.8,0,0,0
08,WY,0,0,0,-8.8,0,0,0
09,WY,0,0,0,3.25,0,0,0
09,WY,0,0,0,-12.75,0,0,0
10,WY,0,0,0,0,0,0,0
10,WY,0,0,0,0,0,0,0
11,WY,0,0,0,0,0,0,0
11,WY,0,0,0,0,0,0,0
12,WY,0,0,0,17,0,0,0
12,WY,0,0,0,-4.666666666666667,0,0,0
01,HI,0,0,0,0,10.9375,0,0
01,HI,0,0,0,0,5.3125,0,0
02,HI,0,0,0,0,16.571428571428573,0,0
02,HI,0,0,0,0,-0.7142857142857143,0,0
03,HI,0,0,0,0,6.129032258064516,0,0
03,HI,0,0,0,0,-3.064516129032258,0,0
04,HI,0,0,0,0,5.766666666666667,0,0
04,HI,0,0,0,0,9.933333333333334,0,0
05,HI,0,0,0,0,9.96774193548387,0,0
05,HI,0,0,0,0,14.838709677419354,0,0
06,HI,0,0,0,0,25.482758620689655,0,0
06,HI,0,0,0,0,23.620689655172413,0,0
07,HI,0,0,0,0,21.29032258064516,0,0
07,HI,0,0,0,0,18.516129032258064,0,0
08,HI,0,0,0,0,16.35483870967742,0,0
08,HI,0,0,0,0,8.580645161290322,0,0
09,HI,0,0,0,0,13.206896551724139,0,0
09,HI,0,0,0,0,10.758620689655173,0,0
10,HI,0,0,0,0,24.129032258064516,0,0
10,HI,0,0,0,0,22.677419354838708,0,0
11,HI,0,0,0,0,5.5,0,0
11,HI,0,0,0,0,7.5,0,0
12,HI,0,0,0,0,15.35897435897436,0,0
12,HI,0,0,0,0,13.35897435897436,0,0
01,AR,0,6.368421052631579,0,0,42.291666666666664,0,0
01,AR,0,9.473684210526315,0,0,44.916666666666664,0,0
02,AR,0,1.9583333333333333,0,0,26.795454545454547,0,0
02,AR,0,-5.291666666666667,0,0,18.772727272727273,0,0
03,AR,0,2.3461538461538463,0,0,18.08,0,0
03,AR,0,-2.3846153846153846,0,0,12.44,0,0
04,AR,0,-4.269230769230769,0,0,30.354166666666668,0,0
04,AR,0,-3.5,0,0,30.75,0,0
05,AR,0,-0.52,0,0,43.72,0,0
05,AR,0,-8.04,0,0,41.56,0,0
06,AR,0,3.52,0,0,48.75,0,0
06,AR,0,-6.88,0,0,46.29545454545455,0,0
07,AR,0,1.9615384615384615,-6,0,64.9090909090909,0,0
07,AR,0,-10.346153846153847,-13,0,60.95454545454545,0,0
08,AR,0,-1.16,0,0,43.111111111111114,0,0
08,AR,0,-12.24,0,0,39.266666666666666,0,0
09,AR,0,-3.2,0,0,16.3,0,0
09,AR,0,-3.16,0,0,10.6,0,0
10,AR,0,8.04,0,0,33.716981132075475,0,0
10,AR,0,2.56,0,0,25.339622641509433,0,0
11,AR,0,-3.7083333333333335,-8,0,11.511627906976743,0,0
11,AR,0,-10.25,-26,0,7.348837209302325,0,0
12,AR,0,0.25,0,0,34.432432432432435,0,0
12,AR,0,-2.65,0,0,35.21621621621622,0,0
01,NE,-6,0.7272727272727273,0,0,0,85.4,0
01,NE,-20.333333333333332,3.0454545454545454,0,0,0,82.55,0
02,NE,0,16.285714285714285,0,0,0,30.055555555555557,0
02,NE,0,4.285714285714286,0,0,0,25.944444444444443,0
03,NE,0.85,13.181818181818182,0,0,19.75,747,0
03,NE,-11.7,4.090909090909091,0,0,11.875,811,0
04,NE,44,-1.1538461538461537,0,0,25.26086956521739,0,0
04,NE,38,-11.576923076923077,0,0,15.782608695652174,0,0
05,NE,0,1.5925925925925926,7.809523809523809,0,35.416666666666664,0,0
05,NE,0,-6.222222222222222,0.09523809523809523,0,33.541666666666664,0,0
06,NE,10.733333333333333,-4,39.47826086956522,0,25.75,0,0
06,NE,8.666666666666666,-12.2,33.95652173913044,0,21.375,0,0
07,NE,-2.5714285714285716,-3.5,1.7826086956521738,0,27.523809523809526,0,0
07,NE,-13.19047619047619,-8,3.739130434782609,0,23.80952380952381,0,0
08,NE,-3.6363636363636362,17.4,3.1666666666666665,0,91.91304347826087,0,0
08,NE,-9.954545454545455,13,-2.8333333333333335,0,81.1304347826087,0,0
09,NE,0,3.6666666666666665,-1.4285714285714286,0,16.32,0,0
09,NE,0,0.4583333333333333,-3.9285714285714284,0,8.48,0,0
10,NE,-10,-1.1153846153846154,24.043478260869566,0,44.65384615384615,0,0
10,NE,-10,-1.5384615384615385,17.565217391304348,0,38.61538461538461,0,0
11,NE,5.8125,-3.4444444444444446,6.411764705882353,0,16.545454545454547,0,0
11,NE,-4.125,-9,-6,0,7.681818181818182,0,0
12,NE,1.5,4.65,21.5,0,59.705882352941174,0,0
12,NE,2,-4.4,15.25,0,66.52941176470588,0,0
